Workbook

Sheet 어린이집수
A1: 시도별 어린이집 수 (2009~2026)
A2: 2009~2022: 어린이집정보공개포털 FILE / 2023~2025: KOSIS 「어린이집및이용자통계」(교육부) 12월 말 / 2026: 포털 2026년 9월 말(시군구 합산). 광주·전남 전 기간 분리.
A4: 시도 | B4: 2009 | C4: 2010 | D4: 2011 | E4: 2012 | F4: 2013 | G4: 2014 | H4: 2015 | I4: 2016 | J4: 2017 | K4: 2018 | L4: 2019 | M4: 2020 | N4: 2021 | O4: 2022 | P4: 2023 | Q4: 2024 | R4: 2025 | S4: 2026
A5: 서울 | B5: 5684 | C5: 5870 | D5: 6105 | E5: 6538 | F5: 6742 | G5: 6787 | H5: 6598 | I5: 6368 | J5: 6226 | K5: 6008 | L5: 5698 | M5: 5370 | N5: 5049 | O5: 4712 | P5: 4431 | Q5: 4212 | R5: 4010 | S5: 3875
A6: 부산 | B6: 1655 | C6: 1689 | D6: 1740 | E6: 1830 | F6: 1897 | G6: 1957 | H6: 1971 | I6: 1937 | J6: 1920 | K6: 1891 | L6: 1848 | M6: 1778 | N6: 1668 | O6: 1547 | P6: 1447 | Q6: 1354 | R6: 1278 | S6: 1218
A7: 대구 | B7: 1500 | C7: 1544 | D7: 1561 | E7: 1580 | F7: 1590 | G7: 1588 | H7: 1539 | I7: 1483 | J7: 1464 | K7: 1405 | L7: 1322 | M7: 1268 | N7: 1187 | O7: 1139 | P7: 1079 | Q7: 1035 | R7: 992 | S7: 965
A8: 인천 | B8: 1773 | C8: 1857 | D8: 1998 | E8: 2181 | F8: 2263 | G8: 2308 | H8: 2278 | I8: 2231 | J8: 2186 | K8: 2141 | L8: 2049 | M8: 1943 | N8: 1803 | O8: 1697 | P8: 1652 | Q8: 1613 | R8: 1556 | S8: 1530
A9: 광주 | B9: 1153 | C9: 1192 | D9: 1205 | E9: 1239 | F9: 1251 | G9: 1260 | H9: 1264 | I9: 1238 | J9: 1240 | K9: 1195 | L9: 1122 | M9: 1072 | N9: 1002 | O9: 940 | P9: 878 | Q9: 828 | R9: 785 | S9: 735
A10: 대전 | B10: 1417 | C10: 1535 | D10: 1599 | E10: 1659 | F10: 1680 | G10: 1698 | H10: 1669 | I10: 1584 | J10: 1505 | K10: 1406 | L10: 1288 | M10: 1185 | N10: 1101 | O10: 1013 | P10: 916 | Q10: 864 | R10: 826 | S10: 792
A11: 울산 | B11: 660 | C11: 754 | D11: 818 | E11: 893 | F11: 933 | G11: 946 | H11: 934 | I11: 895 | J11: 881 | K11: 868 | L11: 842 | M11: 790 | N11: 720 | O11: 656 | P11: 612 | Q11: 569 | R11: 535 | S11: 512
A12: 세종 | B12: 0 | C12: 0 | D12: 0 | E12: 106 | F12: 118 | G12: 160 | H12: 216 | I12: 250 | J12: 289 | K12: 343 | L12: 359 | M12: 350 | N12: 343 | O12: 327 | P12: 314 | Q12: 305 | R12: 286 | S12: 269
A13: 경기 | B13: 10465 | C13: 11273 | D13: 11825 | E13: 12869 | F13: 13364 | G13: 13259 | H13: 12689 | I13: 12120 | J13: 11825 | K13: 11682 | L13: 11305 | M13: 10761 | N13: 10136 | O13: 9438 | P13: 8903 | Q13: 8407 | R13: 8030 | S13: 7774
A14: 강원 | B14: 926 | C14: 1085 | D14: 1147 | E14: 1244 | F14: 1265 | G14: 1257 | H14: 1227 | I14: 1180 | J14: 1149 | K14: 1086 | L14: 1036 | M14: 999 | N14: 954 | O14: 906 | P14: 847 | Q14: 816 | R14: 779 | S14: 748
A15: 충북 | B15: 1037 | C15: 1112 | D15: 1133 | E15: 1179 | F15: 1212 | G15: 1229 | H15: 1230 | I15: 1208 | J15: 1186 | K15: 1157 | L15: 1130 | M15: 1082 | N15: 1042 | O15: 972 | P15: 921 | Q15: 877 | R15: 837 | S15: 800
A16: 충남 | B16: 1470 | C16: 1687 | D16: 1857 | E16: 1991 | F16: 2083 | G16: 2053 | H16: 1988 | I16: 1974 | J16: 1955 | K16: 1916 | L16: 1812 | M16: 1717 | N16: 1625 | O16: 1516 | P16: 1421 | Q16: 1338 | R16: 1272 | S16: 1204
... A21: 제주 | B21: 502 | C21: 525 | D21: 552 | E21: 584 | F21: 604 | G21: 599 | H21: 574 | I21: 543 | J21: 527 | K21: 513 | L21: 504 | M21: 489 | N21: 476 | O21: 451 | P21: 423 | Q21: 399 | R21: 378 | S21: 365
A22: 전국(합계) | B22: =SUM(B5:B21) -> 35550 | C22: =SUM(C5:C21) -> 38021 | D22: =SUM(D5:D21) -> 39842 | E22: =SUM(E5:E21) -> 42527 | F22: =SUM(F5:F21) -> 43770 | G22: =SUM(G5:G21) -> 43742 | H22: =SUM(H5:H21) -> 42517 | I22: =SUM(I5:I21) -> 41084 | ... S22: =SUM(S5:S21) -> 25047
A23: 단위: 개소. 파란 글씨=원자료 입력값, 검정=수식, 노란 칸=다른 출처·시점(메모 참고).
A24: 전국(공표값) | B24: 35550 | C24: 38021 | D24: 39842 | E24: 42527 | F24: 43770 | G24: 43742 | H24: 42517 | I24: 41084 | J24: 40238 | K24: 39171 | L24: 37371 | M24: 35352 | N24: 33246 | O24: 30923 | P24: 28954 | Q24: 27387 | R24: 26064
A25: 차이(합계-공표) | B25: =B22-B24 -> 0 | C25: =C22-C24 -> 0 | D25: =D22-D24 -> 0 | E25: =E22-E24 -> 0 | F25: =F22-F24 -> 0 | G25: =G22-G24 -> 0 | H25: =H22-H24 -> 0 | I25: =I22-I24 -> 0 | ... R25: =R22-R24 -> 0

Sheet 정원
A1: 시도별 어린이집 정원 (2009~2025)
A2: KOSIS 「전국 어린이집 정현원 현황」(DT_15407_NN004, 교육부, 자료갱신 2026-05-19). 2026년 정원 총합은 공개 표가 없어 제외(메모 참고). 세종 2009~2011은 출범 전.
A4: 시도 | B4: 2009 | C4: 2010 | D4: 2011 | E4: 2012 | F4: 2013 | G4: 2014 | H4: 2015 | I4: 2016 | J4: 2017 | K4: 2018 | L4: 2019 | M4: 2020 | N4: 2021 | O4: 2022 | P4: 2023 | Q4: 2024 | R4: 2025
A5: 서울 | B5: 230888 | C5: 236339 | D5: 243440 | E5: 261870 | F5: 270458 | G5: 275464 | H5: 274132 | I5: 270231 | J5: 268100 | K5: 263157 | L5: 254538 | M5: 245863 | N5: 235682 | O5: 223628 | P5: 211248 | Q5: 202722 | R5: 195742
A6: 부산 | B6: 78238 | C6: 79526 | D6: 80583 | E6: 84863 | F6: 87238 | G6: 89078 | H6: 90014 | I6: 89658 | J6: 89040 | K6: 88222 | L6: 86553 | M6: 84008 | N6: 80248 | O6: 76146 | P6: 71570 | Q6: 66235 | R6: 62266
A7: 대구 | B7: 73312 | C7: 76276 | D7: 77218 | E7: 79769 | F7: 79638 | G7: 79274 | H7: 77547 | I7: 75255 | J7: 74696 | K7: 72500 | L7: 69390 | M7: 66727 | N7: 62125 | O7: 59434 | P7: 56462 | Q7: 53946 | R7: 52133
A8: 인천 | B8: 71246 | C8: 75533 | D8: 82245 | E8: 88062 | F8: 92290 | G8: 94812 | H8: 94735 | I8: 94314 | J8: 93938 | K8: 93888 | L8: 91615 | M8: 88002 | N8: 84877 | O8: 80896 | P8: 78883 | Q8: 76831 | R8: 75036
A9: 광주 | B9: 58802 | C9: 60833 | D9: 60943 | E9: 61975 | F9: 62582 | G9: 62676 | H9: 63471 | I9: 62528 | J9: 63161 | K9: 61121 | L9: 57756 | M9: 55020 | N9: 49556 | O9: 46531 | P9: 43399 | Q9: 41021 | R9: 38868
A10: 대전 | B10: 47864 | C10: 50719 | D10: 52812 | E10: 54343 | F10: 55106 | G10: 55553 | H10: 55635 | I10: 54514 | J10: 53688 | K10: 51025 | L10: 47923 | M10: 45160 | N10: 42171 | O10: 39145 | P10: 36356 | Q10: 34983 | R10: 34111
A11: 울산 | B11: 30381 | C11: 33091 | D11: 35621 | E11: 38210 | F11: 39629 | G11: 40754 | H11: 40899 | I11: 40257 | J11: 40305 | K11: 39894 | L11: 39650 | M11: 37491 | N11: 34583 | O11: 31746 | P11: 29785 | Q11: 27615 | R11: 26002
A12: 세종 | E12: 5558 | F12: 6321 | G12: 8407 | H12: 10913 | I12: 12587 | J12: 14658 | K12: 17687 | L12: 19300 | M12: 19532 | N12: 19497 | O12: 18789 | P12: 18642 | Q12: 18357 | R12: 17101
A13: 경기 | B13: 359719 | C13: 387247 | D13: 409956 | E13: 447370 | F13: 472497 | G13: 479093 | H13: 474619 | I13: 467469 | J13: 466020 | K13: 467296 | L13: 464409 | M13: 455556 | N13: 441927 | O13: 424321 | P13: 411580 | Q13: 397632 | R13: 383623
A14: 강원 | B14: 47965 | C14: 51927 | D14: 53498 | E14: 56259 | F14: 56846 | G14: 56446 | H14: 55718 | I14: 54408 | J14: 53468 | K14: 51285 | L14: 49912 | M14: 48591 | N14: 47021 | O14: 45475 | P14: 42858 | Q14: 41213 | R14: 39331
A15: 충북 | B15: 56254 | C15: 58275 | D15: 59175 | E15: 61590 | F15: 62739 | G15: 63214 | H15: 63601 | I15: 63108 | J15: 62582 | K15: 61211 | L15: 60113 | M15: 58541 | N15: 57092 | O15: 54338 | P15: 51963 | Q15: 50014 | R15: 47680
A16: 충남 | B16: 66557 | C16: 71851 | D16: 78245 | E16: 81169 | F16: 88126 | G16: 87915 | H16: 87524 | I16: 87635 | J16: 87488 | K16: 86149 | L16: 82697 | M16: 79979 | N16: 76555 | O16: 72870 | P16: 69849 | Q16: 67154 | R16: 64323
A17: 전북 | B17: 72755 | C17: 72750 | D17: 72700 | E17: 74226 | F17: 75181 | G17: 75275 | H17: 73738 | I17: 71946 | J17: 69650 | K17: 66016 | L17: 62327 | M17: 59314 | N17: 55361 | O17: 51748 | P17: 47774 | Q17: 45507 | R17: 43411
A18: 전남 | B18: 65751 | C18: 66067 | D18: 66655 | E18: 68651 | F18: 69771 | G18: 70873 | H18: 70802 | I18: 70863 | J18: 70248 | K18: 68425 | L18: 66001 | M18: 61869 | N18: 59669 | O18: 56047 | P18: 52578 | Q18: 50620 | R18: 48457
A19: 경북 | B19: 85131 | C19: 88960 | D19: 93839 | E19: 96368 | F19: 97889 | G19: 95612 | H19: 93978 | I19: 93950 | J19: 92669 | K19: 89483 | L19: 85567 | M19: 81541 | N19: 77622 | O19: 72231 | P19: 64900 | Q19: 60676 | R19: 56814
A20: 경남 | B20: 109494 | C20: 118204 | D20: 124478 | E20: 129308 | F20: 132963 | G20: 133204 | H20: 130665 | I20: 127325 | J20: 126361 | K20: 125015 | L20: 119534 | M20: 112049 | N20: 105786 | O20: 96773 | P20: 88305 | Q20: 81177 | R20: 76844
A21: 제주 | B21: 28059 | C21: 29210 | D21: 30540 | E21: 32326 | F21: 33185 | G21: 33009 | H21: 32830 | I21: 31176 | J21: 30531 | K21: 29950 | L21: 29588 | M21: 29017 | N21: 27724 | O21: 26568 | P21: 25288 | Q21: 24384 | R21: 23290
A22: 전국(합계) | B22: =SUM(B5:B21) -> 1482416 | C22: =SUM(C5:C21) -> 1556808 | D22: =SUM(D5:D21) -> 1621948 | E22: =SUM(E5:E21) -> 1721917 | F22: =SUM(F5:F21) -> 1782459 | G22: =SUM(G5:G21) -> 1800659 | H22: =SUM(H5:H21) -> 1790821 | I22: =SUM(I5:I21) -> 1767224 | ... R22: =SUM(R5:R21) -> 1285032
A23: 단위: 명. 파란 글씨=원자료 입력값, 검정=수식, 노란 칸=다른 출처·시점(메모 참고).

Sheet 현원
A1: 시도별 어린이집 현원 (2009~2026)
A2: 2009~2025: KOSIS 동일 표 / 2026: 포털 「연령별 아동 현황」 2026년 9월 말(시군구 합산). 2021~2025는 포털 합계가 KOSIS 전국값과 정확히 일치함을 확인.
A4: 시도 | B4: 2009 | C4: 2010 | D4: 2011 | E4: 2012 | F4: 2013 | G4: 2014 | H4: 2015 | I4: 2016 | J4: 2017 | K4: 2018 | L4: 2019 | M4: 2020 | N4: 2021 | O4: 2022 | P4: 2023 | Q4: 2024 | R4: 2025 | S4: 2026
A5: 서울 | B5: 193723 | C5: 206581 | D5: 214863 | E5: 239335 | F5: 242648 | G5: 243432 | H5: 238103 | I5: 236550 | J5: 234867 | K5: 226959 | L5: 217444 | M5: 196260 | N5: 182922 | O5: 167427 | P5: 155251 | Q5: 143413 | R5: 136017 | S5: 129666
A6: 부산 | B6: 62862 | C6: 65822 | D6: 68050 | E6: 73991 | F6: 74317 | G6: 75407 | H6: 74003 | I6: 75006 | J6: 74971 | K6: 73586 | L6: 70977 | M6: 65290 | N6: 61611 | O6: 55850 | P6: 50891 | Q6: 46589 | R6: 43636 | S6: 40316
A7: 대구 | B7: 57501 | C7: 61765 | D7: 63118 | E7: 66795 | F7: 63505 | G7: 62824 | H7: 59449 | I7: 58706 | J7: 58591 | K7: 56943 | L7: 54641 | M7: 49029 | N7: 46211 | O7: 42487 | P7: 39159 | Q7: 36176 | R7: 34115 | S7: 31889
A8: 인천 | B8: 58567 | C8: 65075 | D8: 71381 | E8: 79751 | F8: 81796 | G8: 83731 | H8: 81353 | I8: 81096 | J8: 80895 | K8: 79164 | L8: 76084 | M8: 68106 | N8: 65663 | O8: 62200 | P8: 60032 | Q8: 57610 | R8: 56319 | S8: 53757
A9: 광주 | B9: 45640 | C9: 48879 | D9: 49983 | E9: 53378 | F9: 51274 | G9: 50672 | H9: 48529 | I9: 47207 | J9: 46650 | K9: 44134 | L9: 41530 | M9: 36742 | N9: 34561 | O9: 31732 | P9: 28761 | Q9: 26584 | R9: 24561 | S9: 22581
A10: 대전 | B10: 38141 | C10: 42105 | D10: 44573 | E10: 48432 | F10: 47163 | G10: 46859 | H10: 44691 | I10: 44482 | J10: 43761 | K10: 41553 | L10: 38526 | M10: 34037 | N10: 31177 | O10: 28144 | P10: 25996 | Q10: 24602 | R10: 23465 | S10: 22040
A11: 울산 | B11: 24074 | C11: 27350 | D11: 29976 | E11: 33800 | F11: 34269 | G11: 35383 | H11: 34676 | I11: 34762 | J11: 34657 | K11: 34436 | L11: 33315 | M11: 29805 | N11: 27328 | O11: 24892 | P11: 22469 | Q11: 20186 | R11: 18375 | S11: 17070
A12: 세종 | E12: 4547 | F12: 5158 | G12: 6405 | H12: 8723 | I12: 10846 | J12: 12580 | K12: 14298 | L12: 15525 | M12: 15349 | N12: 15248 | O12: 14927 | P12: 14131 | Q12: 13192 | R12: 12231 | S12: 11544
A13: 경기 | B13: 283774 | C13: 320056 | D13: 344326 | E13: 392515 | F13: 397656 | G13: 402945 | H13: 389398 | I13: 390870 | J13: 394882 | K13: 393149 | L13: 389004 | M13: 358813 | N13: 350117 | O13: 331516 | P13: 311814 | Q13: 295983 | R13: 281594 | S13: 266736
A14: 강원 | B14: 37562 | C14: 41292 | D14: 42996 | E14: 46007 | F14: 45113 | G14: 44280 | H14: 42238 | I14: 41743 | J14: 41020 | K14: 39337 | L14: 37902 | M14: 35406 | N14: 34622 | O14: 32680 | P14: 30217 | Q14: 28058 | R14: 26176 | S14: 24627
A15: 충북 | B15: 42557 | C15: 45983 | D15: 48251 | E15: 51467 | F15: 51476 | G15: 51491 | H15: 49787 | I15: 50014 | J15: 49896 | K15: 48774 | L15: 47266 | M15: 43675 | N15: 42124 | O15: 38884 | P15: 35806 | Q15: 33171 | R15: 31032 | S15: 29433
A16: 충남 | B16: 52282 | C16: 58305 | D16: 63236 | E16: 67626 | F16: 69395 | G16: 70015 | H16: 68750 | I16: 69364 | J16: 69787 | K16: 68411 | L16: 65304 | M16: 59379 | N16: 56504 | O16: 52196 | P16: 48797 | Q16: 45204 | R16: 42293 | S16: 39489
A17: 전북 | B17: 55619 | C17: 56531 | D17: 57114 | E17: 60401 | F17: 59050 | G17: 58328 | H17: 55226 | I17: 53798 | J17: 52105 | K17: 49670 | L17: 46698 | M17: 41961 | N17: 38978 | O17: 34789 | P17: 31554 | Q17: 28902 | R17: 26880 | S17: 24709
A18: 전남 | B18: 51240 | C18: 52903 | D18: 53988 | E18: 56481 | F18: 56334 | G18: 56105 | H18: 54647 | I18: 54708 | J18: 53772 | K18: 51201 | L18: 47796 | M18: 44148 | N18: 42241 | O18: 38927 | P18: 35344 | Q18: 32470 | R18: 30705 | S18: 28297
A19: 경북 | B19: 63724 | C19: 69395 | D19: 72261 | E19: 77010 | F19: 73825 | G19: 73271 | H19: 70860 | I19: 71010 | J19: 70901 | K19: 67914 | L19: 64120 | M19: 58234 | N19: 54954 | O19: 48988 | P19: 43022 | Q19: 38642 | R19: 35983 | S19: 33018
A20: 경남 | B20: 84186 | C20: 93059 | D20: 99100 | E20: 108931 | F20: 106745 | G20: 108121 | H20: 105271 | I20: 103822 | J20: 103717 | K20: 99755 | L20: 93756 | M20: 84337 | N20: 78004 | O20: 68841 | P20: 59419 | Q20: 53139 | R20: 48349 | S20: 43750
A21: 제주 | B21: 23597 | C21: 24809 | D21: 25513 | E21: 26894 | F21: 27256 | G21: 27402 | H21: 27109 | I21: 27231 | J21: 27191 | K21: 26458 | L21: 25197 | M21: 23825 | N21: 22451 | O21: 20970 | P21: 19150 | Q21: 17382 | R21: 16033 | S21: 14690
A22: 전국(합계) | B22: =SUM(B5:B21) -> 1175049 | C22: =SUM(C5:C21) -> 1279910 | D22: =SUM(D5:D21) -> 1348729 | E22: =SUM(E5:E21) -> 1487361 | F22: =SUM(F5:F21) -> 1486980 | G22: =SUM(G5:G21) -> 1496671 | H22: =SUM(H5:H21) -> 1452813 | I22: =SUM(I5:I21) -> 1451215 | ... S22: =SUM(S5:S21) -> 833612
A23: 단위: 명. 파란 글씨=원자료 입력값, 검정=수식, 노란 칸=다른 출처·시점(메모 참고).

Sheet 충족률
A1: 정원 충족률 = 현원 ÷ 정원
A2: 낮을수록 빈자리가 많음. 시도 합계 기준 비율. 2026은 정원이 없어 계산 안 함.
A4: 시도 | B4: 2009 | C4: 2010 | D4: 2011 | E4: 2012 | F4: 2013 | G4: 2014 | H4: 2015 | I4: 2016 | J4: 2017 | K4: 2018 | L4: 2019 | M4: 2020 | N4: 2021 | O4: 2022 | P4: 2023 | Q4: 2024 | R4: 2025
A5: 서울 | B5: =IF(OR(정원!B5="",정원!B5=0),"",현원!B5/정원!B5) -> 0.83903451 | C5: =IF(OR(정원!C5="",정원!C5=0),"",현원!C5/정원!C5) -> 0.87408765 | D5: =IF(OR(정원!D5="",정원!D5=0),"",현원!D5/정원!D5) -> 0.88261173 | E5: =IF(OR(정원!E5="",정원!E5=0),"",현원!E5/정원!E5) -> 0.91394585 | F5: =IF(OR(정원!F5="",정원!F5=0),"",현원!F5/정원!F5) -> 0.89717442 | G5: =IF(OR(정원!G5="",정원!G5=0),"",현원!G5/정원!G5) -> 0.8837162 | H5: =IF(OR(정원!H5="",정원!H5=0),"",현원!H5/정원!H5) -> 0.86857062 | I5: =IF(OR(정원!I5="",정원!I5=0),"",현원!I5/정원!I5) -> 0.87536219 | ... R5: =IF(OR(정원!R5="",정원!R5=0),"",현원!R5/정원!R5) -> 0.69487897
A6: 부산 | B6: =IF(OR(정원!B6="",정원!B6=0),"",현원!B6/정원!B6) -> 0.80347146 | C6: =IF(OR(정원!C6="",정원!C6=0),"",현원!C6/정원!C6) -> 0.827679 | D6: =IF(OR(정원!D6="",정원!D6=0),"",현원!D6/정원!D6) -> 0.84447092 | E6: =IF(OR(정원!E6="",정원!E6=0),"",현원!E6/정원!E6) -> 0.87188763 | F6: =IF(OR(정원!F6="",정원!F6=0),"",현원!F6/정원!F6) -> 0.85188794 | G6: =IF(OR(정원!G6="",정원!G6=0),"",현원!G6/정원!G6) -> 0.84652776 | H6: =IF(OR(정원!H6="",정원!H6=0),"",현원!H6/정원!H6) -> 0.82212767 | I6: =IF(OR(정원!I6="",정원!I6=0),"",현원!I6/정원!I6) -> 0.836579 | ... R6: =IF(OR(정원!R6="",정원!R6=0),"",현원!R6/정원!R6) -> 0.70079979
A7: 대구 | B7: =IF(OR(정원!B7="",정원!B7=0),"",현원!B7/정원!B7) -> 0.78433271 | C7: =IF(OR(정원!C7="",정원!C7=0),"",현원!C7/정원!C7) -> 0.80975667 | D7: =IF(OR(정원!D7="",정원!D7=0),"",현원!D7/정원!D7) -> 0.81740009 | E7: =IF(OR(정원!E7="",정원!E7=0),"",현원!E7/정원!E7) -> 0.83735536 | F7: =IF(OR(정원!F7="",정원!F7=0),"",현원!F7/정원!F7) -> 0.79742083 | G7: =IF(OR(정원!G7="",정원!G7=0),"",현원!G7/정원!G7) -> 0.79249186 | H7: =IF(OR(정원!H7="",정원!H7=0),"",현원!H7/정원!H7) -> 0.76661895 | I7: =IF(OR(정원!I7="",정원!I7=0),"",현원!I7/정원!I7) -> 0.78009435 | ... R7: =IF(OR(정원!R7="",정원!R7=0),"",현원!R7/정원!R7) -> 0.65438398
A8: 인천 | B8: =IF(OR(정원!B8="",정원!B8=0),"",현원!B8/정원!B8) -> 0.82203913 | C8: =IF(OR(정원!C8="",정원!C8=0),"",현원!C8/정원!C8) -> 0.86154396 | D8: =IF(OR(정원!D8="",정원!D8=0),"",현원!D8/정원!D8) -> 0.86790686 | E8: =IF(OR(정원!E8="",정원!E8=0),"",현원!E8/정원!E8) -> 0.90562331 | F8: =IF(OR(정원!F8="",정원!F8=0),"",현원!F8/정원!F8) -> 0.88629321 | G8: =IF(OR(정원!G8="",정원!G8=0),"",현원!G8/정원!G8) -> 0.88312661 | H8: =IF(OR(정원!H8="",정원!H8=0),"",현원!H8/정원!H8) -> 0.85874281 | I8: =IF(OR(정원!I8="",정원!I8=0),"",현원!I8/정원!I8) -> 0.85985114 | ... R8: =IF(OR(정원!R8="",정원!R8=0),"",현원!R8/정원!R8) -> 0.75055973
A9: 광주 | B9: =IF(OR(정원!B9="",정원!B9=0),"",현원!B9/정원!B9) -> 0.77616408 | C9: =IF(OR(정원!C9="",정원!C9=0),"",현원!C9/정원!C9) -> 0.80349481 | D9: =IF(OR(정원!D9="",정원!D9=0),"",현원!D9/정원!D9) -> 0.82015982 | E9: =IF(OR(정원!E9="",정원!E9=0),"",현원!E9/정원!E9) -> 0.86128278 | F9: =IF(OR(정원!F9="",정원!F9=0),"",현원!F9/정원!F9) -> 0.81930907 | G9: =IF(OR(정원!G9="",정원!G9=0),"",현원!G9/정원!G9) -> 0.80847533 | H9: =IF(OR(정원!H9="",정원!H9=0),"",현원!H9/정원!H9) -> 0.7645854 | I9: =IF(OR(정원!I9="",정원!I9=0),"",현원!I9/정원!I9) -> 0.75497377 | ... R9: =IF(OR(정원!R9="",정원!R9=0),"",현원!R9/정원!R9) -> 0.631908
A10: 대전 | B10: =IF(OR(정원!B10="",정원!B10=0),"",현원!B10/정원!B10) -> 0.79686194 | C10: =IF(OR(정원!C10="",정원!C10=0),"",현원!C10/정원!C10) -> 0.83016227 | D10: =IF(OR(정원!D10="",정원!D10=0),"",현원!D10/정원!D10) -> 0.84399379 | E10: =IF(OR(정원!E10="",정원!E10=0),"",현원!E10/정원!E10) -> 0.89122794 | F10: =IF(OR(정원!F10="",정원!F10=0),"",현원!F10/정원!F10) -> 0.85585962 | G10: =IF(OR(정원!G10="",정원!G10=0),"",현원!G10/정원!G10) -> 0.8435008 | H10: =IF(OR(정원!H10="",정원!H10=0),"",현원!H10/정원!H10) -> 0.8032893 | I10: =IF(OR(정원!I10="",정원!I10=0),"",현원!I10/정원!I10) -> 0.81597388 | ... R10: =IF(OR(정원!R10="",정원!R10=0),"",현원!R10/정원!R10) -> 0.68790126
A11: 울산 | B11: =IF(OR(정원!B11="",정원!B11=0),"",현원!B11/정원!B11) -> 0.79240315 | C11: =IF(OR(정원!C11="",정원!C11=0),"",현원!C11/정원!C11) -> 0.82650872 | D11: =IF(OR(정원!D11="",정원!D11=0),"",현원!D11/정원!D11) -> 0.84152607 | E11: =IF(OR(정원!E11="",정원!E11=0),"",현원!E11/정원!E11) -> 0.88458519 | F11: =IF(OR(정원!F11="",정원!F11=0),"",현원!F11/정원!F11) -> 0.86474551 | G11: =IF(OR(정원!G11="",정원!G11=0),"",현원!G11/정원!G11) -> 0.86820926 | H11: =IF(OR(정원!H11="",정원!H11=0),"",현원!H11/정원!H11) -> 0.84784469 | I11: =IF(OR(정원!I11="",정원!I11=0),"",현원!I11/정원!I11) -> 0.863502 | ... R11: =IF(OR(정원!R11="",정원!R11=0),"",현원!R11/정원!R11) -> 0.70667641
A12: 세종 | B12: =IF(OR(정원!B12="",정원!B12=0),"",현원!B12/정원!B12) | C12: =IF(OR(정원!C12="",정원!C12=0),"",현원!C12/정원!C12) | D12: =IF(OR(정원!D12="",정원!D12=0),"",현원!D12/정원!D12) | E12: =IF(OR(정원!E12="",정원!E12=0),"",현원!E12/정원!E12) -> 0.81810004 | F12: =IF(OR(정원!F12="",정원!F12=0),"",현원!F12/정원!F12) -> 0.81601012 | G12: =IF(OR(정원!G12="",정원!G12=0),"",현원!G12/정원!G12) -> 0.76186511 | H12: =IF(OR(정원!H12="",정원!H12=0),"",현원!H12/정원!H12) -> 0.79932191 | I12: =IF(OR(정원!I12="",정원!I12=0),"",현원!I12/정원!I12) -> 0.86168269 | ... R12: =IF(OR(정원!R12="",정원!R12=0),"",현원!R12/정원!R12) -> 0.71522133
A13: 경기 | B13: =IF(OR(정원!B13="",정원!B13=0),"",현원!B13/정원!B13) -> 0.78887687 | C13: =IF(OR(정원!C13="",정원!C13=0),"",현원!C13/정원!C13) -> 0.82649059 | D13: =IF(OR(정원!D13="",정원!D13=0),"",현원!D13/정원!D13) -> 0.83990965 | E13: =IF(OR(정원!E13="",정원!E13=0),"",현원!E13/정원!E13) -> 0.87738337 | F13: =IF(OR(정원!F13="",정원!F13=0),"",현원!F13/정원!F13) -> 0.84160534 | G13: =IF(OR(정원!G13="",정원!G13=0),"",현원!G13/정원!G13) -> 0.841058 | H13: =IF(OR(정원!H13="",정원!H13=0),"",현원!H13/정원!H13) -> 0.82044335 | I13: =IF(OR(정원!I13="",정원!I13=0),"",현원!I13/정원!I13) -> 0.83614101 | ... R13: =IF(OR(정원!R13="",정원!R13=0),"",현원!R13/정원!R13) -> 0.73403837
A14: 강원 | B14: =IF(OR(정원!B14="",정원!B14=0),"",현원!B14/정원!B14) -> 0.78311269 | C14: =IF(OR(정원!C14="",정원!C14=0),"",현원!C14/정원!C14) -> 0.79519325 | D14: =IF(OR(정원!D14="",정원!D14=0),"",현원!D14/정원!D14) -> 0.8036936 | E14: =IF(OR(정원!E14="",정원!E14=0),"",현원!E14/정원!E14) -> 0.81777138 | F14: =IF(OR(정원!F14="",정원!F14=0),"",현원!F14/정원!F14) -> 0.79360025 | G14: =IF(OR(정원!G14="",정원!G14=0),"",현원!G14/정원!G14) -> 0.78446657 | H14: =IF(OR(정원!H14="",정원!H14=0),"",현원!H14/정원!H14) -> 0.75806741 | I14: =IF(OR(정원!I14="",정원!I14=0),"",현원!I14/정원!I14) -> 0.76722173 | ... R14: =IF(OR(정원!R14="",정원!R14=0),"",현원!R14/정원!R14) -> 0.66553101
A15: 충북 | B15: =IF(OR(정원!B15="",정원!B15=0),"",현원!B15/정원!B15) -> 0.75651509 | C15: =IF(OR(정원!C15="",정원!C15=0),"",현원!C15/정원!C15) -> 0.78906907 | D15: =IF(OR(정원!D15="",정원!D15=0),"",현원!D15/정원!D15) -> 0.81539501 | E15: =IF(OR(정원!E15="",정원!E15=0),"",현원!E15/정원!E15) -> 0.8356389 | F15: =IF(OR(정원!F15="",정원!F15=0),"",현원!F15/정원!F15) -> 0.82047849 | G15: =IF(OR(정원!G15="",정원!G15=0),"",현원!G15/정원!G15) -> 0.81455057 | H15: =IF(OR(정원!H15="",정원!H15=0),"",현원!H15/정원!H15) -> 0.78280216 | I15: =IF(OR(정원!I15="",정원!I15=0),"",현원!I15/정원!I15) -> 0.79251442 | ... R15: =IF(OR(정원!R15="",정원!R15=0),"",현원!R15/정원!R15) -> 0.65083893
A16: 충남 | B16: =IF(OR(정원!B16="",정원!B16=0),"",현원!B16/정원!B16) -> 0.78552218 | C16: =IF(OR(정원!C16="",정원!C16=0),"",현원!C16/정원!C16) -> 0.81147096 | D16: =IF(OR(정원!D16="",정원!D16=0),"",현원!D16/정원!D16) -> 0.80817944 | E16: =IF(OR(정원!E16="",정원!E16=0),"",현원!E16/정원!E16) -> 0.83315059 | F16: =IF(OR(정원!F16="",정원!F16=0),"",현원!F16/정원!F16) -> 0.78745206 | G16: =IF(OR(정원!G16="",정원!G16=0),"",현원!G16/정원!G16) -> 0.79639424 | H16: =IF(OR(정원!H16="",정원!H16=0),"",현원!H16/정원!H16) -> 0.78549883 | I16: =IF(OR(정원!I16="",정원!I16=0),"",현원!I16/정원!I16) -> 0.79151024 | ... R16: =IF(OR(정원!R16="",정원!R16=0),"",현원!R16/정원!R16) -> 0.65750976
... A22: 전국(합계) | B22: =IF(OR(정원!B22="",정원!B22=0),"",현원!B22/정원!B22) -> 0.79265807 | C22: =IF(OR(정원!C22="",정원!C22=0),"",현원!C22/정원!C22) -> 0.82213735 | D22: =IF(OR(정원!D22="",정원!D22=0),"",현원!D22/정원!D22) -> 0.83154885 | E22: =IF(OR(정원!E22="",정원!E22=0),"",현원!E22/정원!E22) -> 0.86378205 | F22: =IF(OR(정원!F22="",정원!F22=0),"",현원!F22/정원!F22) -> 0.83422957 | G22: =IF(OR(정원!G22="",정원!G22=0),"",현원!G22/정원!G22) -> 0.83117958 | H22: =IF(OR(정원!H22="",정원!H22=0),"",현원!H22/정원!H22) -> 0.81125528 | I22: =IF(OR(정원!I22="",정원!I22=0),"",현원!I22/정원!I22) -> 0.82118339 | ... R22: =IF(OR(정원!R22="",정원!R22=0),"",현원!R22/정원!R22) -> 0.69084972

Sheet 출생등록
A1: 시도별 출생등록 수 (2008~2025)
A2: 행정안전부 주민등록 출생등록(매년 말일 기준). 강원도·강원특별자치도(2023), 전라북도·전북특별자치도(2024) 코드 분리분을 합침. 통계청 출생통계와 다를 수 있음.
A4: 시도 | B4: 2008 | C4: 2009 | D4: 2010 | E4: 2011 | F4: 2012 | G4: 2013 | H4: 2014 | I4: 2015 | J4: 2016 | K4: 2017 | L4: 2018 | M4: 2019 | N4: 2020 | O4: 2021 | P4: 2022 | Q4: 2023 | R4: 2024 | S4: 2025
A5: 서울 | B5: 96241 | C5: 91029 | D5: 94080 | E5: 93585 | F5: 95094 | G5: 86119 | H5: 84223 | I5: 84184 | J5: 76718 | K5: 66282 | L5: 59553 | M5: 54782 | N5: 48055 | O5: 45999 | P5: 43741 | Q5: 40654 | R5: 42588 | S5: 46401
A6: 부산 | B6: 26759 | C6: 25338 | D6: 27228 | E6: 28101 | F6: 28956 | G6: 26405 | H6: 26412 | I6: 26979 | J6: 25295 | K6: 21796 | L6: 19692 | M6: 17382 | N6: 15294 | O6: 14545 | P6: 14432 | Q6: 13172 | R6: 13266 | S6: 14146
A7: 대구 | B7: 20680 | C7: 19456 | D7: 20486 | E7: 20882 | F7: 21612 | G7: 19629 | H7: 19509 | I7: 19665 | J7: 18511 | K7: 16185 | L7: 14674 | M7: 13465 | N7: 11351 | O7: 10721 | P7: 10337 | Q7: 9584 | R7: 10213 | S7: 10978
A8: 인천 | B8: 25565 | C8: 24559 | D8: 25758 | E8: 26408 | F8: 28052 | G8: 26115 | H8: 26115 | I8: 25706 | J8: 23865 | K8: 20804 | L8: 20395 | M8: 18902 | N8: 16240 | O8: 15122 | P8: 14786 | Q8: 13898 | R8: 15475 | S8: 16786
A9: 광주 | B9: 13856 | C9: 13177 | D9: 13847 | E9: 14121 | F9: 14500 | G9: 12993 | H9: 12793 | I9: 12634 | J9: 11740 | K9: 10281 | L9: 9345 | M9: 8461 | N9: 7410 | O9: 8040 | P9: 7521 | Q9: 6246 | R9: 6109 | S9: 6568
A10: 대전 | B10: 14874 | C10: 13896 | D10: 14243 | E10: 14930 | F10: 15288 | G10: 14384 | H10: 14054 | I10: 13943 | J10: 12577 | K10: 11006 | L10: 9572 | M10: 8638 | N10: 7591 | O10: 7464 | P10: 7824 | Q10: 7294 | R10: 7379 | S10: 7809
A11: 울산 | B11: 11464 | C11: 11020 | D11: 11455 | E11: 11620 | F11: 12151 | G11: 11523 | H11: 11602 | I11: 11856 | J11: 11030 | K11: 9562 | L11: 8285 | M11: 7637 | N11: 6711 | O11: 6169 | P11: 5509 | Q11: 5145 | R11: 5357 | S11: 5659
A12: 세종 | B12: 0 | C12: 0 | D12: 0 | E12: 0 | F12: 586 | G12: 1128 | H12: 1343 | I12: 2684 | J12: 3327 | K12: 3502 | L12: 3793 | M12: 3895 | N12: 3500 | O12: 3592 | P12: 3295 | Q12: 2802 | R12: 2934 | S12: 2983
A13: 경기 | B13: 120447 | C13: 114087 | D13: 121601 | E13: 123815 | F13: 125817 | G13: 114721 | H13: 113397 | I13: 115128 | J13: 107305 | K13: 95547 | L13: 90144 | M13: 85217 | N13: 78587 | O13: 76946 | P13: 77090 | Q13: 70541 | R13: 72575 | S13: 77702
A14: 강원 | B14: 12524 | C14: 12179 | D14: 12521 | E14: 12564 | F14: 12575 | G14: 11193 | H14: 10775 | I14: 11023 | J14: 10208 | K14: 9127 | L14: 8494 | M14: 8453 | N14: 7916 | O14: 7417 | P14: 7429 | Q14: 6806 | R14: 6661 | S14: 6783
A15: 충북 | B15: 14246 | C15: 13993 | D15: 14688 | E15: 14941 | F15: 15233 | G15: 13982 | H15: 13562 | I15: 13775 | J15: 12906 | K15: 11524 | L15: 10843 | M15: 9362 | N15: 8748 | O15: 8330 | P15: 7576 | Q15: 7693 | R15: 7639 | S15: 8336
A16: 충남 | B16: 19937 | C16: 19364 | D16: 20533 | E16: 21013 | F16: 21086 | G16: 18995 | H16: 18370 | I16: 18840 | J16: 17487 | K16: 15807 | L16: 14726 | M16: 13467 | N16: 12123 | O16: 11072 | P16: 10438 | Q16: 9586 | R16: 10010 | S16: 10389
... A21: 제주 | B21: 5714 | C21: 5468 | D21: 5701 | E21: 5702 | F21: 6022 | G21: 5434 | H21: 5556 | I21: 5678 | J21: 5533 | K21: 5071 | L21: 4861 | M21: 4545 | N21: 4014 | O21: 3797 | P21: 3639 | Q21: 3279 | R21: 3192 | S21: 3281
A22: 전국(합계) | B22: =SUM(B5:B21) -> 470390 | C22: =SUM(C5:C21) -> 448013 | D22: =SUM(D5:D21) -> 470515 | E22: =SUM(E5:E21) -> 477863 | F22: =SUM(F5:F21) -> 488666 | G22: =SUM(G5:G21) -> 445962 | H22: =SUM(H5:H21) -> 439198 | I22: =SUM(I5:I21) -> 444098 | ... S22: =SUM(S5:S21) -> 258242
A23: 단위: 명. 파란 글씨=원자료 입력값, 검정=수식, 노란 칸=다른 출처·시점(메모 참고).
A24: 전국(원자료) | B24: 470390 | C24: 448013 | D24: 470515 | E24: 477863 | F24: 488666 | G24: 445962 | H24: 439198 | I24: 444098 | J24: 411859 | K24: 362867 | L24: 334115 | M24: 308697 | N24: 275815 | O24: 263127 | P24: 254628 | Q24: 235039 | R24: 242334 | S24: 258242

Sheet 소아청소년과의원
A1: 시도별 소아청소년과 의원 수 (표시과목 기준, 2009~2026)
A2: KOSIS 「시군구별 표시과목별 의원 현황」(DT_HIRA4G, 건강보험공단·심평원). 각 연도 4분기 말, 2026은 2분기 말. 운영 중인 의원 수(재고)이며 개업·폐업 건수 아님.
A4: 시도 | B4: 2009.4/4 | C4: 2010.4/4 | D4: 2011.4/4 | E4: 2012.4/4 | F4: 2013.4/4 | G4: 2014.4/4 | H4: 2015.4/4 | I4: 2016.4/4 | J4: 2017.4/4 | K4: 2018.4/4 | L4: 2019.4/4 | M4: 2020.4/4 | N4: 2021.4/4 | O4: 2022.4/4 | P4: 2023.4/4 | Q4: 2024.4/4 | R4: 2025.4/4 | S4: 2026.2/4
A5: 서울 | B5: 521 | C5: 524 | D5: 522 | E5: 514 | F5: 523 | G5: 521 | H5: 519 | I5: 520 | J5: 521 | K5: 509 | L5: 501 | M5: 475 | N5: 455 | O5: 456 | P5: 451 | Q5: 456 | R5: 448 | S5: 447
A6: 부산 | B6: 167 | C6: 165 | D6: 160 | E6: 160 | F6: 157 | G6: 156 | H6: 154 | I6: 148 | J6: 143 | K6: 137 | L6: 134 | M6: 128 | N6: 132 | O6: 135 | P6: 137 | Q6: 141 | R6: 139 | S6: 137
A7: 대구 | B7: 112 | C7: 115 | D7: 119 | E7: 116 | F7: 114 | G7: 112 | H7: 109 | I7: 115 | J7: 114 | K7: 112 | L7: 115 | M7: 112 | N7: 114 | O7: 115 | P7: 116 | Q7: 118 | R7: 120 | S7: 120
A8: 인천 | B8: 119 | C8: 119 | D8: 129 | E8: 132 | F8: 137 | G8: 137 | H8: 147 | I8: 148 | J8: 149 | K8: 148 | L8: 149 | M8: 140 | N8: 137 | O8: 141 | P8: 143 | Q8: 144 | R8: 142 | S8: 138
A9: 광주 | B9: 66 | C9: 63 | D9: 61 | E9: 57 | F9: 58 | G9: 57 | H9: 51 | I9: 46 | J9: 44 | K9: 43 | L9: 47 | M9: 43 | N9: 42 | O9: 41 | P9: 42 | Q9: 41 | R9: 40 | S9: 39
A10: 대전 | B10: 69 | C10: 72 | D10: 71 | E10: 68 | F10: 67 | G10: 67 | H10: 67 | I10: 64 | J10: 65 | K10: 64 | L10: 62 | M10: 59 | N10: 59 | O10: 58 | P10: 56 | Q10: 56 | R10: 56 | S10: 54
A11: 울산 | B11: 46 | C11: 47 | D11: 49 | E11: 44 | F11: 40 | G11: 40 | H11: 40 | I11: 38 | J11: 36 | K11: 36 | L11: 36 | M11: 35 | N11: 32 | O11: 32 | P11: 34 | Q11: 33 | R11: 32 | S11: 32
A12: 세종 | E12: 4 | F12: 4 | G12: 8 | H12: 11 | I12: 13 | J12: 17 | K12: 22 | L12: 21 | M12: 22 | N12: 22 | O12: 22 | P12: 26 | Q12: 27 | R12: 26 | S12: 26
A13: 경기 | B13: 552 | C13: 582 | D13: 607 | E13: 615 | F13: 632 | G13: 646 | H13: 639 | I13: 669 | J13: 668 | K13: 675 | L13: 687 | M13: 672 | N13: 657 | O13: 668 | P13: 680 | Q13: 702 | R13: 687 | S13: 671
A14: 강원 | B14: 47 | C14: 45 | D14: 47 | E14: 46 | F14: 48 | G14: 48 | H14: 47 | I14: 49 | J14: 49 | K14: 53 | L14: 54 | M14: 56 | N14: 56 | O14: 57 | P14: 57 | Q14: 56 | R14: 56 | S14: 55
A15: 충북 | B15: 50 | C15: 50 | D15: 51 | E15: 51 | F15: 52 | G15: 51 | H15: 55 | I15: 54 | J15: 53 | K15: 50 | L15: 51 | M15: 51 | N15: 54 | O15: 54 | P15: 56 | Q15: 56 | R15: 56 | S15: 54
A16: 충남 | B16: 62 | C16: 65 | D16: 63 | E16: 61 | F16: 63 | G16: 62 | H16: 59 | I16: 58 | J16: 63 | K16: 62 | L16: 62 | M16: 67 | N16: 64 | O16: 66 | P16: 65 | Q16: 64 | R16: 63 | S16: 63
A17: 전북 | B17: 71 | C17: 70 | D17: 73 | E17: 75 | F17: 74 | G17: 73 | H17: 72 | I17: 72 | J17: 74 | K17: 76 | L17: 76 | M17: 68 | N17: 65 | O17: 66 | P17: 65 | Q17: 66 | R17: 64 | S17: 65
A18: 전남 | B18: 34 | C18: 32 | D18: 31 | E18: 30 | F18: 31 | G18: 30 | H18: 28 | I18: 27 | J18: 28 | K18: 27 | L18: 27 | M18: 25 | N18: 26 | O18: 26 | P18: 25 | Q18: 25 | R18: 24 | S18: 23
A19: 경북 | B19: 73 | C19: 74 | D19: 73 | E19: 74 | F19: 72 | G19: 74 | H19: 70 | I19: 74 | J19: 72 | K19: 74 | L19: 73 | M19: 73 | N19: 71 | O19: 70 | P19: 68 | Q19: 72 | R19: 72 | S19: 72
A20: 경남 | B20: 110 | C20: 109 | D20: 109 | E20: 107 | F20: 102 | G20: 104 | H20: 108 | I20: 105 | J20: 106 | K20: 105 | L20: 100 | M20: 98 | N20: 91 | O20: 92 | P20: 95 | Q20: 95 | R20: 97 | S20: 94
A21: 제주 | B21: 23 | C21: 25 | D21: 24 | E21: 26 | F21: 26 | G21: 28 | H21: 26 | I21: 26 | J21: 27 | K21: 28 | L21: 32 | M21: 34 | N21: 34 | O21: 36 | P21: 36 | Q21: 35 | R21: 34 | S21: 33
A22: 전국(합계) | B22: =SUM(B5:B21) -> 2122 | C22: =SUM(C5:C21) -> 2157 | D22: =SUM(D5:D21) -> 2189 | E22: =SUM(E5:E21) -> 2180 | F22: =SUM(F5:F21) -> 2200 | G22: =SUM(G5:G21) -> 2214 | H22: =SUM(H5:H21) -> 2202 | I22: =SUM(I5:I21) -> 2226 | ... S22: =SUM(S5:S21) -> 2123
A23: 단위: 개소. 파란 글씨=원자료 입력값, 검정=수식, 노란 칸=다른 출처·시점(메모 참고).
A24: 전국(공표값) | B24: 2122 | C24: 2157 | D24: 2189 | E24: 2180 | F24: 2200 | G24: 2214 | H24: 2202 | I24: 2226 | J24: 2229 | K24: 2221 | L24: 2227 | M24: 2158 | N24: 2111 | O24: 2135 | P24: 2152 | Q24: 2187 | R24: 2156 | S24: 2123
A26: 전년 대비 증감 | C26: =C22-B22 -> 35 | D26: =D22-C22 -> 32 | E26: =E22-D22 -> -9 | F26: =F22-E22 -> 20 | G26: =G22-F22 -> 14 | H26: =H22-G22 -> -12 | I26: =I22-H22 -> 24 | J26: =J22-I22 -> 3 | ... S26: =S22-R22 -> -33

Sheet 출처·메모
A1: 항목 | B1: 내용
A2: 어린이집 수 | B2: 2009~2022: 어린이집정보공개포털 FILE 「어린이집 현황(시·도)」(이전 정리본과 동일). 2023~2025: KOSIS DT_15407_NN003 「어린이집 현황(시·도)」(교육부, 12월 말). 이전 파일에서 합쳐져 있던 광주·전남을 KOSIS 값으로 분리함. 2026: 포털 「지역별 어린이집 현황」 2026년 9월 말, 정상 운영 시설, 시군구 합산.
A3: 정원·현원 | B3: KOSIS DT_15407_NN004 「전국 어린이집 정현원 현황」(2001~2025). 이전 파일의 2010~2022 값과 전부 일치, 경기 2018 정원 467,296(이전에 오타로 보고 고친 값)도 KOSIS와 일치.
A4: 2026 현원 | B4: 포털 「연령별 아동 현황」 2026년 9월 말. 포털 화면에 "교육부 통계와 상이할 수 있음" 안내가 있으나, 2021~2025년 12월 합계가 KOSIS 전국값과 정확히 같아 같은 원천으로 판단.
A5: 2026 정원 | B5: 공개된 표에서 정원 총합을 찾지 못함. 포털 「아동정원·현원 어린이집 현황」은 정원 규모별 시설 수만 제공. 시설별 정원은 「어린이집 기본정보」 OPEN API(인증키 필요)로 합산 가능.
A6: 출생등록 | B6: 행정안전부 주민등록 출생등록(사용자 제공 파일, 2008~2025). 시도 합계=전국 매년 일치. 2008~2013 남녀 구분 값은 비어 있어 제외.
A7: 소아청소년과 의원 | B7: KOSIS DT_HIRA4G 표시과목=소아청소년과. 이전 「소아 관련 의료기관 개·폐업」 파일을 대체함. 그 파일은 진료과목에 소아청소년과가 포함된 모든 기관을 세어 실제보다 수 배 많았음(2025년 개업 370 vs 심평원 59). 이 표의 2024→2025 순감(-31)은 심평원 발표 순감(개업 59-폐업 89=-30)과 거의 일치.
A8: 2026 값 | B8: 어린이집 2026은 9월 말, 소아과 2026은 2분기 말로 연말 값이 아님. 연도 비교에는 2025까지 권장.
A9: 시군구 자료 | B9: 같은 출처의 시군구 단위 값은 「시군구별_어린이집_소아과_2009-2026.xlsx」에 있음.
