Workbook

Sheet 데이터셋
A1: 시군구코드 | B1: 시도 | C1: 시군구 | D1: 기준연도 | E1: 0~5세 인구 | F1: 0세 인구 | G1: 출생아수 | H1: 어린이집 수 | I1: 어린이집 정원 | J1: 어린이집 현원 | K1: 소아과 의원 수 | L1: 0~5세 1천명당 어린이집 | M1: 0~5세 1천명당 소아과 | N1: 정원 충족률 | O1: 0~5세 대비 정원 | P1: 출생아/0~5세 | Q1: 0~5세 3년 변화율 | R1: 출생아 3년 변화율 | S1: 소아과 3년 변화(곳) | T1: 어린이집 1년 변화율 | U1: 정원 1년 변화율 | V1: 소아과 0곳(현재 공백) | W1: 3년 후 어린이집 감소율 | X1: 어린이집 위험 | Y1: 소아과 위험 | Z1: 공백 위험(최종) | AA1: 고위험(둘 다) | AB1: 용도 | AC1: 국공립 수 | AD1: 민간 수 | AE1: 가정 수 | AF1: 직장 수 | AG1: 법인 수 | AH1: 협동 수 | AI1: 국공립 비율 | AJ1: 민간 비율 | AK1: 가정 비율 | AL1: 직장 비율 | AM1: 법인 비율 | AN1: 휴지 수 | AO1: 휴지 비율 | AP1: 1년 폐원 수 | AQ1: 1년 신규 수 | AR1: 1년 폐원율 | AS1: 1년 신규율 | AT1: 시도 소아과 개업(t) | AU1: 시도 소아과 폐업(t) | AV1: 시도 소아과 순증(t) | AW1: 시도 소아과 폐업률(t) | AX1: 시도 소아과 3년 누적 폐업 | AY1: 소아청소년과 진료 병원 수 | AZ1: 종합병원 수 | BA1: 병원 수(종합병원·병원) | BB1: 병원급 의료기관 수 | BC1: 소아과 의원+병원 수 | BD1: 0~5세 1천명당 소아과(의원+병원) | BE1: 소아과 진료 병원 3년 변화(곳) | BF1: 소아과 진료 병원 0곳 | BG1: 소아과 의원·병원 모두 0곳 | BH1: 기타 수(직장+법인+협동) | BI1: 기타 비율 | BJ1: 폐원+휴지 수(문 닫은 시설)
A2: 11110 | B2: 서울특별시 | C2: 종로구 | D2: 2016 | E2: 5133 | F2: 764 | G2: 846 | H2: 81 | I2: 4939 | J2: 3901 | K2: 4 | L2: 15.780245 | M2: 0.77927138 | N2: 0.789836 | O2: 0.96220534 | P2: 0.1648159 | Q2: -0.078456014 | R2: -0.030927835 | S2: 0 | V2: 0 | W2: -0.049382716 | X2: 0 | Y2: 0 | Z2: 0 | AA2: 0 | AB2: 학습 | AC2: 28 | AD2: 16 | AE2: 7 | AF2: 25 | AG2: 5 | AH2: 0 | AI2: 0.34567901 | AJ2: 0.19753086 | AK2: 0.086419753 | AL2: 0.30864198 | AM2: 0.061728395 | AN2: 0 | AO2: 0 | AT2: =SUMIFS(시도_소아과개폐업!$C$5:$C$293,시도_소아과개폐업!$A$5:$A$293,$D2,시도_소아과개폐업!$B$5:$B$293,$B2) -> 175 | AU2: =SUMIFS(시도_소아과개폐업!$D$5:$D$293,시도_소아과개폐업!$A$5:$A$293,$D2,시도_소아과개폐업!$B$5:$B$293,$B2) -> 91 | AV2: =SUMIFS(시도_소아과개폐업!$F$5:$F$293,시도_소아과개폐업!$A$5:$A$293,$D2,시도_소아과개폐업!$B$5:$B$293,$B2) -> 84 | AW2: =SUMIFS(시도_소아과개폐업!$G$5:$G$293,시도_소아과개폐업!$A$5:$A$293,$D2,시도_소아과개폐업!$B$5:$B$293,$B2) -> 0.17533719 | AX2: =SUMIFS(시도_소아과개폐업!$H$5:$H$293,시도_소아과개폐업!$A$5:$A$293,$D2,시도_소아과개폐업!$B$5:$B$293,$B2) -> 298 | AY2: =SUMIFS(시군구_병원급!$E$5:$E$3668,시군구_병원급!$A$5:$A$3668,$A2,시군구_병원급!$D$5:$D$3668,$D2) -> 5 | AZ2: =SUMIFS(시군구_병원급!$F$5:$F$3668,시군구_병원급!$A$5:$A$3668,$A2,시군구_병원급!$D$5:$D$3668,$D2) -> 4 | BA2: =SUMIFS(시군구_병원급!$G$5:$G$3668,시군구_병원급!$A$5:$A$3668,$A2,시군구_병원급!$D$5:$D$3668,$D2) -> 6 | BB2: =SUMIFS(시군구_병원급!$H$5:$H$3668,시군구_병원급!$A$5:$A$3668,$A2,시군구_병원급!$D$5:$D$3668,$D2) -> 8 | BC2: =K2+AY2 -> 9 | BD2: =IF(E2=0,"",(K2+AY2)/E2*1000) -> 1.7533606 | BE2: =AY2-SUMIFS(시군구_병원급!$E$5:$E$3668,시군구_병원급!$A$5:$A$3668,$A2,시군구_병원급!$D$5:$D$3668,$D2-3) -> 0 | BF2: =IF(AY2=0,1,0) -> 0 | BG2: =IF(K2+AY2=0,1,0) -> 0 | BH2: =AF2+AG2+AH2 -> 30 | BI2: =IF(H2=0,"",BH2/H2) -> 0.37037037 | BJ2: =IF(AP2="","",AP2+AN2)
A3: 11140 | B3: 서울특별시 | C3: 중구 | D3: 2016 | E3: 5085 | F3: 851 | G3: 959 | H3: 67 | I3: 4136 | J3: 3446 | K3: 5 | L3: 13.176008 | M3: 0.98328417 | N3: 0.83317215 | O3: 0.81337266 | P3: 0.1885939 | Q3: -0.099043232 | R3: -0.061643836 | S3: 1 | V3: 0 | W3: 0.029850746 | X3: 0 | Y3: 0 | Z3: 0 | AA3: 0 | AB3: 학습 | AC3: 19 | AD3: 8 | AE3: 15 | AF3: 18 | AG3: 7 | AH3: 0 | AI3: 0.28358209 | AJ3: 0.11940299 | AK3: 0.2238806 | AL3: 0.26865672 | AM3: 0.10447761 | AN3: 2 | AO3: 0.028985507 | AT3: =SUMIFS(시도_소아과개폐업!$C$5:$C$293,시도_소아과개폐업!$A$5:$A$293,$D3,시도_소아과개폐업!$B$5:$B$293,$B3) -> 175 | AU3: =SUMIFS(시도_소아과개폐업!$D$5:$D$293,시도_소아과개폐업!$A$5:$A$293,$D3,시도_소아과개폐업!$B$5:$B$293,$B3) -> 91 | AV3: =SUMIFS(시도_소아과개폐업!$F$5:$F$293,시도_소아과개폐업!$A$5:$A$293,$D3,시도_소아과개폐업!$B$5:$B$293,$B3) -> 84 | AW3: =SUMIFS(시도_소아과개폐업!$G$5:$G$293,시도_소아과개폐업!$A$5:$A$293,$D3,시도_소아과개폐업!$B$5:$B$293,$B3) -> 0.17533719 | AX3: =SUMIFS(시도_소아과개폐업!$H$5:$H$293,시도_소아과개폐업!$A$5:$A$293,$D3,시도_소아과개폐업!$B$5:$B$293,$B3) -> 298 | AY3: =SUMIFS(시군구_병원급!$E$5:$E$3668,시군구_병원급!$A$5:$A$3668,$A3,시군구_병원급!$D$5:$D$3668,$D3) -> 4 | AZ3: =SUMIFS(시군구_병원급!$F$5:$F$3668,시군구_병원급!$A$5:$A$3668,$A3,시군구_병원급!$D$5:$D$3668,$D3) -> 2 | BA3: =SUMIFS(시군구_병원급!$G$5:$G$3668,시군구_병원급!$A$5:$A$3668,$A3,시군구_병원급!$D$5:$D$3668,$D3) -> 6 | BB3: =SUMIFS(시군구_병원급!$H$5:$H$3668,시군구_병원급!$A$5:$A$3668,$A3,시군구_병원급!$D$5:$D$3668,$D3) -> 14 | BC3: =K3+AY3 -> 9 | BD3: =IF(E3=0,"",(K3+AY3)/E3*1000) -> 1.7699115 | BE3: =AY3-SUMIFS(시군구_병원급!$E$5:$E$3668,시군구_병원급!$A$5:$A$3668,$A3,시군구_병원급!$D$5:$D$3668,$D3-3) -> 0 | BF3: =IF(AY3=0,1,0) -> 0 | BG3: =IF(K3+AY3=0,1,0) -> 0 | BH3: =AF3+AG3+AH3 -> 25 | BI3: =IF(H3=0,"",BH3/H3) -> 0.37313433 | BJ3: =IF(AP3="","",AP3+AN3)
A4: 11170 | B4: 서울특별시 | C4: 용산구 | D4: 2016 | E4: 9965 | F4: 1577 | G4: 1708 | H4: 125 | I4: 5363 | J4: 4830 | K4: 9 | L4: 12.543904 | M4: 0.90316106 | N4: 0.90061533 | O4: 0.53818364 | P4: 0.1713999 | Q4: -0.10963188 | R4: -0.19774542 | S4: 0 | V4: 0 | W4: -0.048 | X4: 0 | Y4: 0 | Z4: 0 | AA4: 0 | AB4: 학습 | AC4: 22 | AD4: 32 | AE4: 51 | AF4: 8 | AG4: 11 | AH4: 1 | AI4: 0.176 | AJ4: 0.256 | AK4: 0.408 | AL4: 0.064 | AM4: 0.088 | AN4: 3 | AO4: 0.0234375 | AT4: =SUMIFS(시도_소아과개폐업!$C$5:$C$293,시도_소아과개폐업!$A$5:$A$293,$D4,시도_소아과개폐업!$B$5:$B$293,$B4) -> 175 | AU4: =SUMIFS(시도_소아과개폐업!$D$5:$D$293,시도_소아과개폐업!$A$5:$A$293,$D4,시도_소아과개폐업!$B$5:$B$293,$B4) -> 91 | AV4: =SUMIFS(시도_소아과개폐업!$F$5:$F$293,시도_소아과개폐업!$A$5:$A$293,$D4,시도_소아과개폐업!$B$5:$B$293,$B4) -> 84 | AW4: =SUMIFS(시도_소아과개폐업!$G$5:$G$293,시도_소아과개폐업!$A$5:$A$293,$D4,시도_소아과개폐업!$B$5:$B$293,$B4) -> 0.17533719 | AX4: =SUMIFS(시도_소아과개폐업!$H$5:$H$293,시도_소아과개폐업!$A$5:$A$293,$D4,시도_소아과개폐업!$B$5:$B$293,$B4) -> 298 | AY4: =SUMIFS(시군구_병원급!$E$5:$E$3668,시군구_병원급!$A$5:$A$3668,$A4,시군구_병원급!$D$5:$D$3668,$D4) -> 2 | AZ4: =SUMIFS(시군구_병원급!$F$5:$F$3668,시군구_병원급!$A$5:$A$3668,$A4,시군구_병원급!$D$5:$D$3668,$D4) -> 1 | BA4: =SUMIFS(시군구_병원급!$G$5:$G$3668,시군구_병원급!$A$5:$A$3668,$A4,시군구_병원급!$D$5:$D$3668,$D4) -> 3 | BB4: =SUMIFS(시군구_병원급!$H$5:$H$3668,시군구_병원급!$A$5:$A$3668,$A4,시군구_병원급!$D$5:$D$3668,$D4) -> 3 | BC4: =K4+AY4 -> 11 | BD4: =IF(E4=0,"",(K4+AY4)/E4*1000) -> 1.1038635 | BE4: =AY4-SUMIFS(시군구_병원급!$E$5:$E$3668,시군구_병원급!$A$5:$A$3668,$A4,시군구_병원급!$D$5:$D$3668,$D4-3) -> 0 | BF4: =IF(AY4=0,1,0) -> 0 | BG4: =IF(K4+AY4=0,1,0) -> 0 | BH4: =AF4+AG4+AH4 -> 20 | BI4: =IF(H4=0,"",BH4/H4) -> 0.16 | BJ4: =IF(AP4="","",AP4+AN4)
A5: 11200 | B5: 서울특별시 | C5: 성동구 | D5: 2016 | E5: 14817 | F5: 2470 | G5: 2531 | H5: 189 | I5: 8133 | J5: 7049 | K5: 20 | L5: 12.755619 | M5: 1.3498009 | N5: 0.86671585 | O5: 0.54889654 | P5: 0.1708173 | Q5: -0.0064373366 | R5: -0.10817477 | S5: 1 | V5: 0 | W5: -0.052910053 | X5: 0 | Y5: 0 | Z5: 0 | AA5: 0 | AB5: 학습 | AC5: 64 | AD5: 43 | AE5: 74 | AF5: 5 | AG5: 3 | AH5: 0 | AI5: 0.33862434 | AJ5: 0.22751323 | AK5: 0.39153439 | AL5: 0.026455026 | AM5: 0.015873016 | AN5: 4 | AO5: 0.020725389 | AT5: =SUMIFS(시도_소아과개폐업!$C$5:$C$293,시도_소아과개폐업!$A$5:$A$293,$D5,시도_소아과개폐업!$B$5:$B$293,$B5) -> 175 | AU5: =SUMIFS(시도_소아과개폐업!$D$5:$D$293,시도_소아과개폐업!$A$5:$A$293,$D5,시도_소아과개폐업!$B$5:$B$293,$B5) -> 91 | AV5: =SUMIFS(시도_소아과개폐업!$F$5:$F$293,시도_소아과개폐업!$A$5:$A$293,$D5,시도_소아과개폐업!$B$5:$B$293,$B5) -> 84 | AW5: =SUMIFS(시도_소아과개폐업!$G$5:$G$293,시도_소아과개폐업!$A$5:$A$293,$D5,시도_소아과개폐업!$B$5:$B$293,$B5) -> 0.17533719 | AX5: =SUMIFS(시도_소아과개폐업!$H$5:$H$293,시도_소아과개폐업!$A$5:$A$293,$D5,시도_소아과개폐업!$B$5:$B$293,$B5) -> 298 | AY5: =SUMIFS(시군구_병원급!$E$5:$E$3668,시군구_병원급!$A$5:$A$3668,$A5,시군구_병원급!$D$5:$D$3668,$D5) -> 5 | AZ5: =SUMIFS(시군구_병원급!$F$5:$F$3668,시군구_병원급!$A$5:$A$3668,$A5,시군구_병원급!$D$5:$D$3668,$D5) -> 2 | BA5: =SUMIFS(시군구_병원급!$G$5:$G$3668,시군구_병원급!$A$5:$A$3668,$A5,시군구_병원급!$D$5:$D$3668,$D5) -> 7 | BB5: =SUMIFS(시군구_병원급!$H$5:$H$3668,시군구_병원급!$A$5:$A$3668,$A5,시군구_병원급!$D$5:$D$3668,$D5) -> 10 | BC5: =K5+AY5 -> 25 | BD5: =IF(E5=0,"",(K5+AY5)/E5*1000) -> 1.6872511 | BE5: =AY5-SUMIFS(시군구_병원급!$E$5:$E$3668,시군구_병원급!$A$5:$A$3668,$A5,시군구_병원급!$D$5:$D$3668,$D5-3) -> 0 | BF5: =IF(AY5=0,1,0) -> 0 | BG5: =IF(K5+AY5=0,1,0) -> 0 | BH5: =AF5+AG5+AH5 -> 8 | BI5: =IF(H5=0,"",BH5/H5) -> 0.042328042 | BJ5: =IF(AP5="","",AP5+AN5)
A6: 11215 | B6: 서울특별시 | C6: 광진구 | D6: 2016 | E6: 15162 | F6: 2553 | G6: 2767 | H6: 217 | I6: 9297 | J6: 8046 | K6: 20 | L6: 14.312096 | M6: 1.3190872 | N6: 0.86544046 | O6: 0.61317768 | P6: 0.18249571 | Q6: -0.079025694 | R6: -0.07458194 | S6: -1 | V6: 0 | W6: -0.13364055 | X6: 0 | Y6: 0 | Z6: 0 | AA6: 0 | AB6: 학습 | AC6: 29 | AD6: 108 | AE6: 71 | AF6: 3 | AG6: 4 | AH6: 2 | AI6: 0.13364055 | AJ6: 0.49769585 | AK6: 0.32718894 | AL6: 0.013824885 | AM6: 0.01843318 | AN6: 23 | AO6: 0.095833333 | AT6: =SUMIFS(시도_소아과개폐업!$C$5:$C$293,시도_소아과개폐업!$A$5:$A$293,$D6,시도_소아과개폐업!$B$5:$B$293,$B6) -> 175 | AU6: =SUMIFS(시도_소아과개폐업!$D$5:$D$293,시도_소아과개폐업!$A$5:$A$293,$D6,시도_소아과개폐업!$B$5:$B$293,$B6) -> 91 | AV6: =SUMIFS(시도_소아과개폐업!$F$5:$F$293,시도_소아과개폐업!$A$5:$A$293,$D6,시도_소아과개폐업!$B$5:$B$293,$B6) -> 84 | AW6: =SUMIFS(시도_소아과개폐업!$G$5:$G$293,시도_소아과개폐업!$A$5:$A$293,$D6,시도_소아과개폐업!$B$5:$B$293,$B6) -> 0.17533719 | AX6: =SUMIFS(시도_소아과개폐업!$H$5:$H$293,시도_소아과개폐업!$A$5:$A$293,$D6,시도_소아과개폐업!$B$5:$B$293,$B6) -> 298 | AY6: =SUMIFS(시군구_병원급!$E$5:$E$3668,시군구_병원급!$A$5:$A$3668,$A6,시군구_병원급!$D$5:$D$3668,$D6) -> 2 | AZ6: =SUMIFS(시군구_병원급!$F$5:$F$3668,시군구_병원급!$A$5:$A$3668,$A6,시군구_병원급!$D$5:$D$3668,$D6) -> 2 | BA6: =SUMIFS(시군구_병원급!$G$5:$G$3668,시군구_병원급!$A$5:$A$3668,$A6,시군구_병원급!$D$5:$D$3668,$D6) -> 6 | BB6: =SUMIFS(시군구_병원급!$H$5:$H$3668,시군구_병원급!$A$5:$A$3668,$A6,시군구_병원급!$D$5:$D$3668,$D6) -> 10 | BC6: =K6+AY6 -> 22 | BD6: =IF(E6=0,"",(K6+AY6)/E6*1000) -> 1.4509959 | BE6: =AY6-SUMIFS(시군구_병원급!$E$5:$E$3668,시군구_병원급!$A$5:$A$3668,$A6,시군구_병원급!$D$5:$D$3668,$D6-3) -> -1 | BF6: =IF(AY6=0,1,0) -> 0 | BG6: =IF(K6+AY6=0,1,0) -> 0 | BH6: =AF6+AG6+AH6 -> 9 | BI6: =IF(H6=0,"",BH6/H6) -> 0.041474654 | BJ6: =IF(AP6="","",AP6+AN6)
A7: 11230 | B7: 서울특별시 | C7: 동대문구 | D7: 2016 | E7: 15044 | F7: 2241 | G7: 2383 | H7: 231 | I7: 9566 | J7: 8364 | K7: 17 | L7: 15.354959 | M7: 1.1300186 | N7: 0.87434664 | O7: 0.63586812 | P7: 0.15840202 | Q7: -0.089346247 | R7: -0.10109393 | S7: 1 | V7: 0 | W7: -0.069264069 | X7: 0 | Y7: 0 | Z7: 0 | AA7: 0 | AB7: 학습 | AC7: 48 | AD7: 73 | AE7: 99 | AF7: 8 | AG7: 3 | AH7: 0 | AI7: 0.20779221 | AJ7: 0.31601732 | AK7: 0.42857143 | AL7: 0.034632035 | AM7: 0.012987013 | AN7: 9 | AO7: 0.0375 | AT7: =SUMIFS(시도_소아과개폐업!$C$5:$C$293,시도_소아과개폐업!$A$5:$A$293,$D7,시도_소아과개폐업!$B$5:$B$293,$B7) -> 175 | AU7: =SUMIFS(시도_소아과개폐업!$D$5:$D$293,시도_소아과개폐업!$A$5:$A$293,$D7,시도_소아과개폐업!$B$5:$B$293,$B7) -> 91 | AV7: =SUMIFS(시도_소아과개폐업!$F$5:$F$293,시도_소아과개폐업!$A$5:$A$293,$D7,시도_소아과개폐업!$B$5:$B$293,$B7) -> 84 | AW7: =SUMIFS(시도_소아과개폐업!$G$5:$G$293,시도_소아과개폐업!$A$5:$A$293,$D7,시도_소아과개폐업!$B$5:$B$293,$B7) -> 0.17533719 | AX7: =SUMIFS(시도_소아과개폐업!$H$5:$H$293,시도_소아과개폐업!$A$5:$A$293,$D7,시도_소아과개폐업!$B$5:$B$293,$B7) -> 298 | AY7: =SUMIFS(시군구_병원급!$E$5:$E$3668,시군구_병원급!$A$5:$A$3668,$A7,시군구_병원급!$D$5:$D$3668,$D7) -> 8 | AZ7: =SUMIFS(시군구_병원급!$F$5:$F$3668,시군구_병원급!$A$5:$A$3668,$A7,시군구_병원급!$D$5:$D$3668,$D7) -> 5 | BA7: =SUMIFS(시군구_병원급!$G$5:$G$3668,시군구_병원급!$A$5:$A$3668,$A7,시군구_병원급!$D$5:$D$3668,$D7) -> 19 | BB7: =SUMIFS(시군구_병원급!$H$5:$H$3668,시군구_병원급!$A$5:$A$3668,$A7,시군구_병원급!$D$5:$D$3668,$D7) -> 33 | BC7: =K7+AY7 -> 25 | BD7: =IF(E7=0,"",(K7+AY7)/E7*1000) -> 1.6617921 | BE7: =AY7-SUMIFS(시군구_병원급!$E$5:$E$3668,시군구_병원급!$A$5:$A$3668,$A7,시군구_병원급!$D$5:$D$3668,$D7-3) -> 1 | BF7: =IF(AY7=0,1,0) -> 0 | BG7: =IF(K7+AY7=0,1,0) -> 0 | BH7: =AF7+AG7+AH7 -> 11 | BI7: =IF(H7=0,"",BH7/H7) -> 0.047619048 | BJ7: =IF(AP7="","",AP7+AN7)
A8: 11260 | B8: 서울특별시 | C8: 중랑구 | D8: 2016 | E8: 18040 | F8: 2843 | G8: 3085 | H8: 260 | I8: 11966 | J8: 10558 | K8: 19 | L8: 14.412417 | M8: 1.0532151 | N8: 0.88233328 | O8: 0.66330377 | P8: 0.17100887 | Q8: -0.038020583 | R8: -0.055130168 | S8: 0 | V8: 0 | W8: -0.11538462 | X8: 0 | Y8: 0 | Z8: 0 | AA8: 0 | AB8: 학습 | AC8: 34 | AD8: 107 | AE8: 112 | AF8: 2 | AG8: 5 | AH8: 0 | AI8: 0.13076923 | AJ8: 0.41153846 | AK8: 0.43076923 | AL8: 0.0076923077 | AM8: 0.019230769 | AN8: 3 | AO8: 0.011406844 | AT8: =SUMIFS(시도_소아과개폐업!$C$5:$C$293,시도_소아과개폐업!$A$5:$A$293,$D8,시도_소아과개폐업!$B$5:$B$293,$B8) -> 175 | AU8: =SUMIFS(시도_소아과개폐업!$D$5:$D$293,시도_소아과개폐업!$A$5:$A$293,$D8,시도_소아과개폐업!$B$5:$B$293,$B8) -> 91 | AV8: =SUMIFS(시도_소아과개폐업!$F$5:$F$293,시도_소아과개폐업!$A$5:$A$293,$D8,시도_소아과개폐업!$B$5:$B$293,$B8) -> 84 | AW8: =SUMIFS(시도_소아과개폐업!$G$5:$G$293,시도_소아과개폐업!$A$5:$A$293,$D8,시도_소아과개폐업!$B$5:$B$293,$B8) -> 0.17533719 | AX8: =SUMIFS(시도_소아과개폐업!$H$5:$H$293,시도_소아과개폐업!$A$5:$A$293,$D8,시도_소아과개폐업!$B$5:$B$293,$B8) -> 298 | AY8: =SUMIFS(시군구_병원급!$E$5:$E$3668,시군구_병원급!$A$5:$A$3668,$A8,시군구_병원급!$D$5:$D$3668,$D8) -> 6 | AZ8: =SUMIFS(시군구_병원급!$F$5:$F$3668,시군구_병원급!$A$5:$A$3668,$A8,시군구_병원급!$D$5:$D$3668,$D8) -> 3 | BA8: =SUMIFS(시군구_병원급!$G$5:$G$3668,시군구_병원급!$A$5:$A$3668,$A8,시군구_병원급!$D$5:$D$3668,$D8) -> 16 | BB8: =SUMIFS(시군구_병원급!$H$5:$H$3668,시군구_병원급!$A$5:$A$3668,$A8,시군구_병원급!$D$5:$D$3668,$D8) -> 20 | BC8: =K8+AY8 -> 25 | BD8: =IF(E8=0,"",(K8+AY8)/E8*1000) -> 1.3858093 | BE8: =AY8-SUMIFS(시군구_병원급!$E$5:$E$3668,시군구_병원급!$A$5:$A$3668,$A8,시군구_병원급!$D$5:$D$3668,$D8-3) -> 0 | BF8: =IF(AY8=0,1,0) -> 0 | BG8: =IF(K8+AY8=0,1,0) -> 0 | BH8: =AF8+AG8+AH8 -> 7 | BI8: =IF(H8=0,"",BH8/H8) -> 0.026923077 | BJ8: =IF(AP8="","",AP8+AN8)
A9: 11290 | B9: 서울특별시 | C9: 성북구 | D9: 2016 | E9: 20369 | F9: 2921 | G9: 3060 | H9: 310 | I9: 12033 | J9: 10493 | K9: 21 | L9: 15.219206 | M9: 1.0309784 | N9: 0.87201862 | O9: 0.59075065 | P9: 0.15022829 | Q9: -0.1468839 | R9: -0.20125294 | S9: -4 | V9: 0 | W9: -0.13870968 | X9: 0 | Y9: 0 | Z9: 0 | AA9: 0 | AB9: 학습 | AC9: 54 | AD9: 100 | AE9: 128 | AF9: 5 | AG9: 22 | AH9: 1 | AI9: 0.17419355 | AJ9: 0.32258065 | AK9: 0.41290323 | AL9: 0.016129032 | AM9: 0.070967742 | AN9: 6 | AO9: 0.018987342 | AT9: =SUMIFS(시도_소아과개폐업!$C$5:$C$293,시도_소아과개폐업!$A$5:$A$293,$D9,시도_소아과개폐업!$B$5:$B$293,$B9) -> 175 | AU9: =SUMIFS(시도_소아과개폐업!$D$5:$D$293,시도_소아과개폐업!$A$5:$A$293,$D9,시도_소아과개폐업!$B$5:$B$293,$B9) -> 91 | AV9: =SUMIFS(시도_소아과개폐업!$F$5:$F$293,시도_소아과개폐업!$A$5:$A$293,$D9,시도_소아과개폐업!$B$5:$B$293,$B9) -> 84 | AW9: =SUMIFS(시도_소아과개폐업!$G$5:$G$293,시도_소아과개폐업!$A$5:$A$293,$D9,시도_소아과개폐업!$B$5:$B$293,$B9) -> 0.17533719 | AX9: =SUMIFS(시도_소아과개폐업!$H$5:$H$293,시도_소아과개폐업!$A$5:$A$293,$D9,시도_소아과개폐업!$B$5:$B$293,$B9) -> 298 | AY9: =SUMIFS(시군구_병원급!$E$5:$E$3668,시군구_병원급!$A$5:$A$3668,$A9,시군구_병원급!$D$5:$D$3668,$D9) -> 5 | AZ9: =SUMIFS(시군구_병원급!$F$5:$F$3668,시군구_병원급!$A$5:$A$3668,$A9,시군구_병원급!$D$5:$D$3668,$D9) -> 1 | BA9: =SUMIFS(시군구_병원급!$G$5:$G$3668,시군구_병원급!$A$5:$A$3668,$A9,시군구_병원급!$D$5:$D$3668,$D9) -> 6 | BB9: =SUMIFS(시군구_병원급!$H$5:$H$3668,시군구_병원급!$A$5:$A$3668,$A9,시군구_병원급!$D$5:$D$3668,$D9) -> 13 | BC9: =K9+AY9 -> 26 | BD9: =IF(E9=0,"",(K9+AY9)/E9*1000) -> 1.2764495 | BE9: =AY9-SUMIFS(시군구_병원급!$E$5:$E$3668,시군구_병원급!$A$5:$A$3668,$A9,시군구_병원급!$D$5:$D$3668,$D9-3) -> 0 | BF9: =IF(AY9=0,1,0) -> 0 | BG9: =IF(K9+AY9=0,1,0) -> 0 | BH9: =AF9+AG9+AH9 -> 28 | BI9: =IF(H9=0,"",BH9/H9) -> 0.090322581 | BJ9: =IF(AP9="","",AP9+AN9)
A10: 11305 | B10: 서울특별시 | C10: 강북구 | D10: 2016 | E10: 12743 | F10: 1855 | G10: 1965 | H10: 182 | I10: 9017 | J10: 7947 | K10: 12 | L10: 14.282351 | M10: 0.94169348 | N10: 0.88133526 | O10: 0.70760417 | P10: 0.15420231 | Q10: -0.15357024 | R10: -0.21116018 | S10: -1 | V10: 0 | W10: -0.15934066 | X10: 0 | Y10: 0 | Z10: 0 | AA10: 0 | AB10: 학습 | AC10: 35 | AD10: 79 | AE10: 60 | AF10: 2 | AG10: 5 | AH10: 1 | AI10: 0.19230769 | AJ10: 0.43406593 | AK10: 0.32967033 | AL10: 0.010989011 | AM10: 0.027472527 | AN10: 8 | AO10: 0.042105263 | AT10: =SUMIFS(시도_소아과개폐업!$C$5:$C$293,시도_소아과개폐업!$A$5:$A$293,$D10,시도_소아과개폐업!$B$5:$B$293,$B10) -> 175 | AU10: =SUMIFS(시도_소아과개폐업!$D$5:$D$293,시도_소아과개폐업!$A$5:$A$293,$D10,시도_소아과개폐업!$B$5:$B$293,$B10) -> 91 | AV10: =SUMIFS(시도_소아과개폐업!$F$5:$F$293,시도_소아과개폐업!$A$5:$A$293,$D10,시도_소아과개폐업!$B$5:$B$293,$B10) -> 84 | AW10: =SUMIFS(시도_소아과개폐업!$G$5:$G$293,시도_소아과개폐업!$A$5:$A$293,$D10,시도_소아과개폐업!$B$5:$B$293,$B10) -> 0.17533719 | AX10: =SUMIFS(시도_소아과개폐업!$H$5:$H$293,시도_소아과개폐업!$A$5:$A$293,$D10,시도_소아과개폐업!$B$5:$B$293,$B10) -> 298 | AY10: =SUMIFS(시군구_병원급!$E$5:$E$3668,시군구_병원급!$A$5:$A$3668,$A10,시군구_병원급!$D$5:$D$3668,$D10) -> 2 | AZ10: =SUMIFS(시군구_병원급!$F$5:$F$3668,시군구_병원급!$A$5:$A$3668,$A10,시군구_병원급!$D$5:$D$3668,$D10) -> 2 | BA10: =SUMIFS(시군구_병원급!$G$5:$G$3668,시군구_병원급!$A$5:$A$3668,$A10,시군구_병원급!$D$5:$D$3668,$D10) -> 10 | BB10: =SUMIFS(시군구_병원급!$H$5:$H$3668,시군구_병원급!$A$5:$A$3668,$A10,시군구_병원급!$D$5:$D$3668,$D10) -> 15 | BC10: =K10+AY10 -> 14 | BD10: =IF(E10=0,"",(K10+AY10)/E10*1000) -> 1.0986424 | BE10: =AY10-SUMIFS(시군구_병원급!$E$5:$E$3668,시군구_병원급!$A$5:$A$3668,$A10,시군구_병원급!$D$5:$D$3668,$D10-3) -> 0 | BF10: =IF(AY10=0,1,0) -> 0 | BG10: =IF(K10+AY10=0,1,0) -> 0 | BH10: =AF10+AG10+AH10 -> 8 | BI10: =IF(H10=0,"",BH10/H10) -> 0.043956044 | BJ10: =IF(AP10="","",AP10+AN10)
A11: 11320 | B11: 서울특별시 | C11: 도봉구 | D11: 2016 | E11: 14705 | F11: 2179 | G11: 2249 | H11: 265 | I11: 10543 | J11: 9044 | K11: 17 | L11: 18.021081 | M11: 1.1560694 | N11: 0.85782035 | O11: 0.71696702 | P11: 0.15294118 | Q11: -0.08624868 | R11: -0.11106719 | S11: 1 | V11: 0 | W11: -0.13584906 | X11: 0 | Y11: 0 | Z11: 0 | AA11: 0 | AB11: 학습 | AC11: 32 | AD11: 80 | AE11: 146 | AF11: 2 | AG11: 3 | AH11: 2 | AI11: 0.12075472 | AJ11: 0.30188679 | AK11: 0.5509434 | AL11: 0.0075471698 | AM11: 0.011320755 | AN11: 13 | AO11: 0.04676259 | AT11: =SUMIFS(시도_소아과개폐업!$C$5:$C$293,시도_소아과개폐업!$A$5:$A$293,$D11,시도_소아과개폐업!$B$5:$B$293,$B11) -> 175 | AU11: =SUMIFS(시도_소아과개폐업!$D$5:$D$293,시도_소아과개폐업!$A$5:$A$293,$D11,시도_소아과개폐업!$B$5:$B$293,$B11) -> 91 | AV11: =SUMIFS(시도_소아과개폐업!$F$5:$F$293,시도_소아과개폐업!$A$5:$A$293,$D11,시도_소아과개폐업!$B$5:$B$293,$B11) -> 84 | AW11: =SUMIFS(시도_소아과개폐업!$G$5:$G$293,시도_소아과개폐업!$A$5:$A$293,$D11,시도_소아과개폐업!$B$5:$B$293,$B11) -> 0.17533719 | AX11: =SUMIFS(시도_소아과개폐업!$H$5:$H$293,시도_소아과개폐업!$A$5:$A$293,$D11,시도_소아과개폐업!$B$5:$B$293,$B11) -> 298 | AY11: =SUMIFS(시군구_병원급!$E$5:$E$3668,시군구_병원급!$A$5:$A$3668,$A11,시군구_병원급!$D$5:$D$3668,$D11) -> 3 | AZ11: =SUMIFS(시군구_병원급!$F$5:$F$3668,시군구_병원급!$A$5:$A$3668,$A11,시군구_병원급!$D$5:$D$3668,$D11) -> 1 | BA11: =SUMIFS(시군구_병원급!$G$5:$G$3668,시군구_병원급!$A$5:$A$3668,$A11,시군구_병원급!$D$5:$D$3668,$D11) -> 6 | BB11: =SUMIFS(시군구_병원급!$H$5:$H$3668,시군구_병원급!$A$5:$A$3668,$A11,시군구_병원급!$D$5:$D$3668,$D11) -> 20 | BC11: =K11+AY11 -> 20 | BD11: =IF(E11=0,"",(K11+AY11)/E11*1000) -> 1.3600816 | BE11: =AY11-SUMIFS(시군구_병원급!$E$5:$E$3668,시군구_병원급!$A$5:$A$3668,$A11,시군구_병원급!$D$5:$D$3668,$D11-3) -> 0 | BF11: =IF(AY11=0,1,0) -> 0 | BG11: =IF(K11+AY11=0,1,0) -> 0 | BH11: =AF11+AG11+AH11 -> 7 | BI11: =IF(H11=0,"",BH11/H11) -> 0.026415094 | BJ11: =IF(AP11="","",AP11+AN11)
A12: 11350 | B12: 서울특별시 | C12: 노원구 | D12: 2016 | E12: 25224 | F12: 3935 | G12: 4176 | H12: 494 | I12: 14436 | J12: 12748 | K12: 33 | L12: 19.584523 | M12: 1.3082778 | N12: 0.8830701 | O12: 0.57231208 | P12: 0.16555661 | Q12: -0.1014214 | R12: -0.10539846 | S12: -2 | V12: 0 | W12: -0.18016194 | X12: 1 | Y12: 0 | Z12: 1 | AA12: 0 | AB12: 학습 | AC12: 47 | AD12: 79 | AE12: 356 | AF12: 6 | AG12: 5 | AH12: 1 | AI12: 0.0951417 | AJ12: 0.15991903 | AK12: 0.72064777 | AL12: 0.012145749 | AM12: 0.010121457 | AN12: 24 | AO12: 0.046332046 | AT12: =SUMIFS(시도_소아과개폐업!$C$5:$C$293,시도_소아과개폐업!$A$5:$A$293,$D12,시도_소아과개폐업!$B$5:$B$293,$B12) -> 175 | AU12: =SUMIFS(시도_소아과개폐업!$D$5:$D$293,시도_소아과개폐업!$A$5:$A$293,$D12,시도_소아과개폐업!$B$5:$B$293,$B12) -> 91 | AV12: =SUMIFS(시도_소아과개폐업!$F$5:$F$293,시도_소아과개폐업!$A$5:$A$293,$D12,시도_소아과개폐업!$B$5:$B$293,$B12) -> 84 | AW12: =SUMIFS(시도_소아과개폐업!$G$5:$G$293,시도_소아과개폐업!$A$5:$A$293,$D12,시도_소아과개폐업!$B$5:$B$293,$B12) -> 0.17533719 | AX12: =SUMIFS(시도_소아과개폐업!$H$5:$H$293,시도_소아과개폐업!$A$5:$A$293,$D12,시도_소아과개폐업!$B$5:$B$293,$B12) -> 298 | AY12: =SUMIFS(시군구_병원급!$E$5:$E$3668,시군구_병원급!$A$5:$A$3668,$A12,시군구_병원급!$D$5:$D$3668,$D12) -> 8 | AZ12: =SUMIFS(시군구_병원급!$F$5:$F$3668,시군구_병원급!$A$5:$A$3668,$A12,시군구_병원급!$D$5:$D$3668,$D12) -> 3 | BA12: =SUMIFS(시군구_병원급!$G$5:$G$3668,시군구_병원급!$A$5:$A$3668,$A12,시군구_병원급!$D$5:$D$3668,$D12) -> 10 | BB12: =SUMIFS(시군구_병원급!$H$5:$H$3668,시군구_병원급!$A$5:$A$3668,$A12,시군구_병원급!$D$5:$D$3668,$D12) -> 21 | BC12: =K12+AY12 -> 41 | BD12: =IF(E12=0,"",(K12+AY12)/E12*1000) -> 1.6254361 | BE12: =AY12-SUMIFS(시군구_병원급!$E$5:$E$3668,시군구_병원급!$A$5:$A$3668,$A12,시군구_병원급!$D$5:$D$3668,$D12-3) -> -1 | BF12: =IF(AY12=0,1,0) -> 0 | BG12: =IF(K12+AY12=0,1,0) -> 0 | BH12: =AF12+AG12+AH12 -> 12 | BI12: =IF(H12=0,"",BH12/H12) -> 0.024291498 | BJ12: =IF(AP12="","",AP12+AN12)
A13: 11380 | B13: 서울특별시 | C13: 은평구 | D13: 2016 | E13: 22077 | F13: 3338 | G13: 3522 | H13: 314 | I13: 15002 | J13: 12746 | K13: 28 | L13: 14.222947 | M13: 1.2682883 | N13: 0.84962005 | O13: 0.67953073 | P13: 0.15953255 | Q13: -0.13089521 | R13: -0.15275439 | S13: -1 | V13: 0 | W13: -0.16242038 | X13: 0 | Y13: 0 | Z13: 0 | AA13: 0 | AB13: 학습 | AC13: 32 | AD13: 177 | AE13: 94 | AF13: 2 | AG13: 8 | AH13: 1 | AI13: 0.10191083 | AJ13: 0.56369427 | AK13: 0.29936306 | AL13: 0.0063694268 | AM13: 0.025477707 | AN13: 3 | AO13: 0.0094637224 | AT13: =SUMIFS(시도_소아과개폐업!$C$5:$C$293,시도_소아과개폐업!$A$5:$A$293,$D13,시도_소아과개폐업!$B$5:$B$293,$B13) -> 175 | AU13: =SUMIFS(시도_소아과개폐업!$D$5:$D$293,시도_소아과개폐업!$A$5:$A$293,$D13,시도_소아과개폐업!$B$5:$B$293,$B13) -> 91 | AV13: =SUMIFS(시도_소아과개폐업!$F$5:$F$293,시도_소아과개폐업!$A$5:$A$293,$D13,시도_소아과개폐업!$B$5:$B$293,$B13) -> 84 | AW13: =SUMIFS(시도_소아과개폐업!$G$5:$G$293,시도_소아과개폐업!$A$5:$A$293,$D13,시도_소아과개폐업!$B$5:$B$293,$B13) -> 0.17533719 | AX13: =SUMIFS(시도_소아과개폐업!$H$5:$H$293,시도_소아과개폐업!$A$5:$A$293,$D13,시도_소아과개폐업!$B$5:$B$293,$B13) -> 298 | AY13: =SUMIFS(시군구_병원급!$E$5:$E$3668,시군구_병원급!$A$5:$A$3668,$A13,시군구_병원급!$D$5:$D$3668,$D13) -> 10 | AZ13: =SUMIFS(시군구_병원급!$F$5:$F$3668,시군구_병원급!$A$5:$A$3668,$A13,시군구_병원급!$D$5:$D$3668,$D13) -> 2 | BA13: =SUMIFS(시군구_병원급!$G$5:$G$3668,시군구_병원급!$A$5:$A$3668,$A13,시군구_병원급!$D$5:$D$3668,$D13) -> 14 | BB13: =SUMIFS(시군구_병원급!$H$5:$H$3668,시군구_병원급!$A$5:$A$3668,$A13,시군구_병원급!$D$5:$D$3668,$D13) -> 25 | BC13: =K13+AY13 -> 38 | BD13: =IF(E13=0,"",(K13+AY13)/E13*1000) -> 1.7212484 | BE13: =AY13-SUMIFS(시군구_병원급!$E$5:$E$3668,시군구_병원급!$A$5:$A$3668,$A13,시군구_병원급!$D$5:$D$3668,$D13-3) -> 0 | BF13: =IF(AY13=0,1,0) -> 0 | BG13: =IF(K13+AY13=0,1,0) -> 0 | BH13: =AF13+AG13+AH13 -> 11 | BI13: =IF(H13=0,"",BH13/H13) -> 0.035031847 | BJ13: =IF(AP13="","",AP13+AN13)
... A230: 52800 | B230: 전북특별자치도 | C230: 부안군 | D230: 2016 | E230: 1884 | F230: 264 | G230: 268 | H230: 28 | I230: 1493 | J230: 1026 | K230: 1 | L230: 14.861996 | M230: 0.53078556 | N230: 0.68720697 | O230: 0.79246285 | P230: 0.14225053 | Q230: -0.1150775 | R230: -0.10067114 | S230: 0 | V230: 0 | W230: -0.17857143 | X230: 1 | Y230: 0 | Z230: 1 | AA230: 0 | AB230: 학습 | AC230: 1 | AD230: 20 | AE230: 3 | AF230: 1 | AG230: 3 | AH230: 0 | AI230: 0.035714286 | AJ230: 0.71428571 | AK230: 0.10714286 | AL230: 0.035714286 | AM230: 0.10714286 | AN230: 1 | AO230: 0.034482759 | AT230: =SUMIFS(시도_소아과개폐업!$C$5:$C$293,시도_소아과개폐업!$A$5:$A$293,$D230,시도_소아과개폐업!$B$5:$B$293,$B230) -> 24 | AU230: =SUMIFS(시도_소아과개폐업!$D$5:$D$293,시도_소아과개폐업!$A$5:$A$293,$D230,시도_소아과개폐업!$B$5:$B$293,$B230) -> 17 | AV230: =SUMIFS(시도_소아과개폐업!$F$5:$F$293,시도_소아과개폐업!$A$5:$A$293,$D230,시도_소아과개폐업!$B$5:$B$293,$B230) -> 7 | AW230: =SUMIFS(시도_소아과개폐업!$G$5:$G$293,시도_소아과개폐업!$A$5:$A$293,$D230,시도_소아과개폐업!$B$5:$B$293,$B230) -> 0.23611111 | AX230: =SUMIFS(시도_소아과개폐업!$H$5:$H$293,시도_소아과개폐업!$A$5:$A$293,$D230,시도_소아과개폐업!$B$5:$B$293,$B230) -> 53 | AY230: =SUMIFS(시군구_병원급!$E$5:$E$3668,시군구_병원급!$A$5:$A$3668,$A230,시군구_병원급!$D$5:$D$3668,$D230) -> 0 | AZ230: =SUMIFS(시군구_병원급!$F$5:$F$3668,시군구_병원급!$A$5:$A$3668,$A230,시군구_병원급!$D$5:$D$3668,$D230) -> 1 | BA230: =SUMIFS(시군구_병원급!$G$5:$G$3668,시군구_병원급!$A$5:$A$3668,$A230,시군구_병원급!$D$5:$D$3668,$D230) -> 6 | BB230: =SUMIFS(시군구_병원급!$H$5:$H$3668,시군구_병원급!$A$5:$A$3668,$A230,시군구_병원급!$D$5:$D$3668,$D230) -> 8 | BC230: =K230+AY230 -> 1 | BD230: =IF(E230=0,"",(K230+AY230)/E230*1000) -> 0.53078556 | BE230: =AY230-SUMIFS(시군구_병원급!$E$5:$E$3668,시군구_병원급!$A$5:$A$3668,$A230,시군구_병원급!$D$5:$D$3668,$D230-3) -> 0 | BF230: =IF(AY230=0,1,0) -> 1 | BG230: =IF(K230+AY230=0,1,0) -> 0 | BH230: =AF230+AG230+AH230 -> 4 | BI230: =IF(H230=0,"",BH230/H230) -> 0.14285714 | BJ230: =IF(AP230="","",AP230+AN230)
A231: 11110 | B231: 서울특별시 | C231: 종로구 | D231: 2017 | E231: 5157 | F231: 652 | G231: 689 | H231: 75 | I231: 4702 | J231: 3783 | K231: 4 | L231: 14.543339 | M231: 0.77564475 | N231: 0.80455125 | O231: 0.91177041 | P231: 0.13360481 | Q231: -0.030274539 | R231: -0.23867403 | S231: 0 | T231: -0.074074074 | U231: -0.047985422 | V231: 0 | W231: -0.013333333 | X231: 0 | Y231: 0 | Z231: 0 | AA231: 0 | AB231: 학습 | AC231: 28 | AD231: 11 | AE231: 5 | AF231: 26 | AG231: 5 | AH231: 0 | AI231: 0.37333333 | AJ231: 0.14666667 | AK231: 0.066666667 | AL231: 0.34666667 | AM231: 0.066666667 | AN231: 1 | AO231: 0.013157895 | AP231: 8 | AQ231: 3 | AR231: 0.098765432 | AS231: 0.037037037 | AT231: =SUMIFS(시도_소아과개폐업!$C$5:$C$293,시도_소아과개폐업!$A$5:$A$293,$D231,시도_소아과개폐업!$B$5:$B$293,$B231) -> 145 | AU231: =SUMIFS(시도_소아과개폐업!$D$5:$D$293,시도_소아과개폐업!$A$5:$A$293,$D231,시도_소아과개폐업!$B$5:$B$293,$B231) -> 107 | AV231: =SUMIFS(시도_소아과개폐업!$F$5:$F$293,시도_소아과개폐업!$A$5:$A$293,$D231,시도_소아과개폐업!$B$5:$B$293,$B231) -> 38 | AW231: =SUMIFS(시도_소아과개폐업!$G$5:$G$293,시도_소아과개폐업!$A$5:$A$293,$D231,시도_소아과개폐업!$B$5:$B$293,$B231) -> 0.20576923 | AX231: =SUMIFS(시도_소아과개폐업!$H$5:$H$293,시도_소아과개폐업!$A$5:$A$293,$D231,시도_소아과개폐업!$B$5:$B$293,$B231) -> 310 | AY231: =SUMIFS(시군구_병원급!$E$5:$E$3668,시군구_병원급!$A$5:$A$3668,$A231,시군구_병원급!$D$5:$D$3668,$D231) -> 5 | AZ231: =SUMIFS(시군구_병원급!$F$5:$F$3668,시군구_병원급!$A$5:$A$3668,$A231,시군구_병원급!$D$5:$D$3668,$D231) -> 4 | BA231: =SUMIFS(시군구_병원급!$G$5:$G$3668,시군구_병원급!$A$5:$A$3668,$A231,시군구_병원급!$D$5:$D$3668,$D231) -> 6 | BB231: =SUMIFS(시군구_병원급!$H$5:$H$3668,시군구_병원급!$A$5:$A$3668,$A231,시군구_병원급!$D$5:$D$3668,$D231) -> 8 | BC231: =K231+AY231 -> 9 | BD231: =IF(E231=0,"",(K231+AY231)/E231*1000) -> 1.7452007 | BE231: =AY231-SUMIFS(시군구_병원급!$E$5:$E$3668,시군구_병원급!$A$5:$A$3668,$A231,시군구_병원급!$D$5:$D$3668,$D231-3) -> 0 | BF231: =IF(AY231=0,1,0) -> 0 | BG231: =IF(K231+AY231=0,1,0) -> 0 | BH231: =AF231+AG231+AH231 -> 31 | BI231: =IF(H231=0,"",BH231/H231) -> 0.41333333 | BJ231: =IF(AP231="","",AP231+AN231) -> 9
A232: 11140 | B232: 서울특별시 | C232: 중구 | D232: 2017 | E232: 5001 | F232: 762 | G232: 808 | H232: 67 | I232: 4279 | J232: 3509 | K232: 5 | L232: 13.397321 | M232: 0.99980004 | N232: 0.82005141 | O232: 0.85562887 | P232: 0.16156769 | Q232: -0.06505889 | R232: -0.22382325 | S232: 2 | T232: 0 | U232: 0.034574468 | V232: 0 | W232: 0 | X232: 0 | Y232: 0 | Z232: 0 | AA232: 0 | AB232: 학습 | AC232: 21 | AD232: 7 | AE232: 14 | AF232: 18 | AG232: 7 | AH232: 0 | AI232: 0.31343284 | AJ232: 0.10447761 | AK232: 0.20895522 | AL232: 0.26865672 | AM232: 0.10447761 | AN232: 2 | AO232: 0.028985507 | AP232: 4 | AQ232: 4 | AR232: 0.057971014 | AS232: 0.057971014 | AT232: =SUMIFS(시도_소아과개폐업!$C$5:$C$293,시도_소아과개폐업!$A$5:$A$293,$D232,시도_소아과개폐업!$B$5:$B$293,$B232) -> 145 | AU232: =SUMIFS(시도_소아과개폐업!$D$5:$D$293,시도_소아과개폐업!$A$5:$A$293,$D232,시도_소아과개폐업!$B$5:$B$293,$B232) -> 107 | AV232: =SUMIFS(시도_소아과개폐업!$F$5:$F$293,시도_소아과개폐업!$A$5:$A$293,$D232,시도_소아과개폐업!$B$5:$B$293,$B232) -> 38 | AW232: =SUMIFS(시도_소아과개폐업!$G$5:$G$293,시도_소아과개폐업!$A$5:$A$293,$D232,시도_소아과개폐업!$B$5:$B$293,$B232) -> 0.20576923 | AX232: =SUMIFS(시도_소아과개폐업!$H$5:$H$293,시도_소아과개폐업!$A$5:$A$293,$D232,시도_소아과개폐업!$B$5:$B$293,$B232) -> 310 | AY232: =SUMIFS(시군구_병원급!$E$5:$E$3668,시군구_병원급!$A$5:$A$3668,$A232,시군구_병원급!$D$5:$D$3668,$D232) -> 4 | AZ232: =SUMIFS(시군구_병원급!$F$5:$F$3668,시군구_병원급!$A$5:$A$3668,$A232,시군구_병원급!$D$5:$D$3668,$D232) -> 2 | BA232: =SUMIFS(시군구_병원급!$G$5:$G$3668,시군구_병원급!$A$5:$A$3668,$A232,시군구_병원급!$D$5:$D$3668,$D232) -> 6 | BB232: =SUMIFS(시군구_병원급!$H$5:$H$3668,시군구_병원급!$A$5:$A$3668,$A232,시군구_병원급!$D$5:$D$3668,$D232) -> 13 | BC232: =K232+AY232 -> 9 | BD232: =IF(E232=0,"",(K232+AY232)/E232*1000) -> 1.7996401 | BE232: =AY232-SUMIFS(시군구_병원급!$E$5:$E$3668,시군구_병원급!$A$5:$A$3668,$A232,시군구_병원급!$D$5:$D$3668,$D232-3) -> 0 | BF232: =IF(AY232=0,1,0) -> 0 | BG232: =IF(K232+AY232=0,1,0) -> 0 | BH232: =AF232+AG232+AH232 -> 25 | BI232: =IF(H232=0,"",BH232/H232) -> 0.37313433 | BJ232: =IF(AP232="","",AP232+AN232) -> 6
A233: 11170 | B233: 서울특별시 | C233: 용산구 | D233: 2017 | E233: 9243 | F233: 1326 | G233: 1464 | H233: 128 | I233: 5554 | J233: 4753 | K233: 9 | L233: 13.848318 | M233: 0.97370983 | N233: 0.85577962 | O233: 0.60088716 | P233: 0.15839013 | Q233: -0.12925106 | R233: -0.25910931 | S233: -1 | T233: 0.024 | U233: 0.035614395 | V233: 0 | W233: -0.09375 | X233: 0 | Y233: 0 | Z233: 0 | AA233: 0 | AB233: 학습 | AC233: 28 | AD233: 28 | AE233: 51 | AF233: 9 | AG233: 11 | AH233: 1 | AI233: 0.21875 | AJ233: 0.21875 | AK233: 0.3984375 | AL233: 0.0703125 | AM233: 0.0859375 | AN233: 1 | AO233: 0.007751938 | AP233: 9 | AQ233: 10 | AR233: 0.0703125 | AS233: 0.078125 | AT233: =SUMIFS(시도_소아과개폐업!$C$5:$C$293,시도_소아과개폐업!$A$5:$A$293,$D233,시도_소아과개폐업!$B$5:$B$293,$B233) -> 145 | AU233: =SUMIFS(시도_소아과개폐업!$D$5:$D$293,시도_소아과개폐업!$A$5:$A$293,$D233,시도_소아과개폐업!$B$5:$B$293,$B233) -> 107 | AV233: =SUMIFS(시도_소아과개폐업!$F$5:$F$293,시도_소아과개폐업!$A$5:$A$293,$D233,시도_소아과개폐업!$B$5:$B$293,$B233) -> 38 | AW233: =SUMIFS(시도_소아과개폐업!$G$5:$G$293,시도_소아과개폐업!$A$5:$A$293,$D233,시도_소아과개폐업!$B$5:$B$293,$B233) -> 0.20576923 | AX233: =SUMIFS(시도_소아과개폐업!$H$5:$H$293,시도_소아과개폐업!$A$5:$A$293,$D233,시도_소아과개폐업!$B$5:$B$293,$B233) -> 310 | AY233: =SUMIFS(시군구_병원급!$E$5:$E$3668,시군구_병원급!$A$5:$A$3668,$A233,시군구_병원급!$D$5:$D$3668,$D233) -> 2 | AZ233: =SUMIFS(시군구_병원급!$F$5:$F$3668,시군구_병원급!$A$5:$A$3668,$A233,시군구_병원급!$D$5:$D$3668,$D233) -> 1 | BA233: =SUMIFS(시군구_병원급!$G$5:$G$3668,시군구_병원급!$A$5:$A$3668,$A233,시군구_병원급!$D$5:$D$3668,$D233) -> 3 | BB233: =SUMIFS(시군구_병원급!$H$5:$H$3668,시군구_병원급!$A$5:$A$3668,$A233,시군구_병원급!$D$5:$D$3668,$D233) -> 3 | BC233: =K233+AY233 -> 11 | BD233: =IF(E233=0,"",(K233+AY233)/E233*1000) -> 1.1900898 | BE233: =AY233-SUMIFS(시군구_병원급!$E$5:$E$3668,시군구_병원급!$A$5:$A$3668,$A233,시군구_병원급!$D$5:$D$3668,$D233-3) -> 0 | BF233: =IF(AY233=0,1,0) -> 0 | BG233: =IF(K233+AY233=0,1,0) -> 0 | BH233: =AF233+AG233+AH233 -> 21 | BI233: =IF(H233=0,"",BH233/H233) -> 0.1640625 | BJ233: =IF(AP233="","",AP233+AN233) -> 10
A234: 11200 | B234: 서울특별시 | C234: 성동구 | D234: 2017 | E234: 14876 | F234: 2336 | G234: 2462 | H234: 190 | I234: 8243 | J234: 7264 | K234: 23 | L234: 12.772251 | M234: 1.5461145 | N234: 0.88123256 | O234: 0.55411401 | P234: 0.16550148 | Q234: 0.030193906 | R234: -0.072343632 | S234: 4 | T234: 0.0052910053 | U234: 0.013525144 | V234: 0 | W234: -0.089473684 | X234: 0 | Y234: 0 | Z234: 0 | AA234: 0 | AB234: 학습 | AC234: 70 | AD234: 40 | AE234: 70 | AF234: 7 | AG234: 3 | AH234: 0 | AI234: 0.36842105 | AJ234: 0.21052632 | AK234: 0.36842105 | AL234: 0.036842105 | AM234: 0.015789474 | AN234: 3 | AO234: 0.015544041 | AP234: 12 | AQ234: 13 | AR234: 0.062176166 | AS234: 0.067357513 | AT234: =SUMIFS(시도_소아과개폐업!$C$5:$C$293,시도_소아과개폐업!$A$5:$A$293,$D234,시도_소아과개폐업!$B$5:$B$293,$B234) -> 145 | AU234: =SUMIFS(시도_소아과개폐업!$D$5:$D$293,시도_소아과개폐업!$A$5:$A$293,$D234,시도_소아과개폐업!$B$5:$B$293,$B234) -> 107 | AV234: =SUMIFS(시도_소아과개폐업!$F$5:$F$293,시도_소아과개폐업!$A$5:$A$293,$D234,시도_소아과개폐업!$B$5:$B$293,$B234) -> 38 | AW234: =SUMIFS(시도_소아과개폐업!$G$5:$G$293,시도_소아과개폐업!$A$5:$A$293,$D234,시도_소아과개폐업!$B$5:$B$293,$B234) -> 0.20576923 | AX234: =SUMIFS(시도_소아과개폐업!$H$5:$H$293,시도_소아과개폐업!$A$5:$A$293,$D234,시도_소아과개폐업!$B$5:$B$293,$B234) -> 310 | AY234: =SUMIFS(시군구_병원급!$E$5:$E$3668,시군구_병원급!$A$5:$A$3668,$A234,시군구_병원급!$D$5:$D$3668,$D234) -> 5 | AZ234: =SUMIFS(시군구_병원급!$F$5:$F$3668,시군구_병원급!$A$5:$A$3668,$A234,시군구_병원급!$D$5:$D$3668,$D234) -> 2 | BA234: =SUMIFS(시군구_병원급!$G$5:$G$3668,시군구_병원급!$A$5:$A$3668,$A234,시군구_병원급!$D$5:$D$3668,$D234) -> 9 | BB234: =SUMIFS(시군구_병원급!$H$5:$H$3668,시군구_병원급!$A$5:$A$3668,$A234,시군구_병원급!$D$5:$D$3668,$D234) -> 13 | BC234: =K234+AY234 -> 28 | BD234: =IF(E234=0,"",(K234+AY234)/E234*1000) -> 1.8822264 | BE234: =AY234-SUMIFS(시군구_병원급!$E$5:$E$3668,시군구_병원급!$A$5:$A$3668,$A234,시군구_병원급!$D$5:$D$3668,$D234-3) -> 0 | BF234: =IF(AY234=0,1,0) -> 0 | BG234: =IF(K234+AY234=0,1,0) -> 0 | BH234: =AF234+AG234+AH234 -> 10 | BI234: =IF(H234=0,"",BH234/H234) -> 0.052631579 | BJ234: =IF(AP234="","",AP234+AN234) -> 15
A235: 11215 | B235: 서울특별시 | C235: 광진구 | D235: 2017 | E235: 14497 | F235: 2183 | G235: 2347 | H235: 214 | I235: 9203 | J235: 7951 | K235: 20 | L235: 14.761675 | M235: 1.3795958 | N235: 0.86395741 | O235: 0.634821 | P235: 0.16189556 | Q235: -0.088124292 | R235: -0.22052474 | S235: -1 | T235: -0.013824885 | U235: -0.010110788 | V235: 0 | W235: -0.17757009 | X235: 0 | Y235: 0 | Z235: 0 | AA235: 0 | AB235: 학습 | AC235: 34 | AD235: 106 | AE235: 65 | AF235: 3 | AG235: 4 | AH235: 2 | AI235: 0.1588785 | AJ235: 0.4953271 | AK235: 0.30373832 | AL235: 0.014018692 | AM235: 0.018691589 | AN235: 21 | AO235: 0.089361702 | AP235: 11 | AQ235: 6 | AR235: 0.045833333 | AS235: 0.025 | AT235: =SUMIFS(시도_소아과개폐업!$C$5:$C$293,시도_소아과개폐업!$A$5:$A$293,$D235,시도_소아과개폐업!$B$5:$B$293,$B235) -> 145 | AU235: =SUMIFS(시도_소아과개폐업!$D$5:$D$293,시도_소아과개폐업!$A$5:$A$293,$D235,시도_소아과개폐업!$B$5:$B$293,$B235) -> 107 | AV235: =SUMIFS(시도_소아과개폐업!$F$5:$F$293,시도_소아과개폐업!$A$5:$A$293,$D235,시도_소아과개폐업!$B$5:$B$293,$B235) -> 38 | AW235: =SUMIFS(시도_소아과개폐업!$G$5:$G$293,시도_소아과개폐업!$A$5:$A$293,$D235,시도_소아과개폐업!$B$5:$B$293,$B235) -> 0.20576923 | AX235: =SUMIFS(시도_소아과개폐업!$H$5:$H$293,시도_소아과개폐업!$A$5:$A$293,$D235,시도_소아과개폐업!$B$5:$B$293,$B235) -> 310 | AY235: =SUMIFS(시군구_병원급!$E$5:$E$3668,시군구_병원급!$A$5:$A$3668,$A235,시군구_병원급!$D$5:$D$3668,$D235) -> 2 | AZ235: =SUMIFS(시군구_병원급!$F$5:$F$3668,시군구_병원급!$A$5:$A$3668,$A235,시군구_병원급!$D$5:$D$3668,$D235) -> 2 | BA235: =SUMIFS(시군구_병원급!$G$5:$G$3668,시군구_병원급!$A$5:$A$3668,$A235,시군구_병원급!$D$5:$D$3668,$D235) -> 6 | BB235: =SUMIFS(시군구_병원급!$H$5:$H$3668,시군구_병원급!$A$5:$A$3668,$A235,시군구_병원급!$D$5:$D$3668,$D235) -> 11 | BC235: =K235+AY235 -> 22 | BD235: =IF(E235=0,"",(K235+AY235)/E235*1000) -> 1.5175554 | BE235: =AY235-SUMIFS(시군구_병원급!$E$5:$E$3668,시군구_병원급!$A$5:$A$3668,$A235,시군구_병원급!$D$5:$D$3668,$D235-3) -> 0 | BF235: =IF(AY235=0,1,0) -> 0 | BG235: =IF(K235+AY235=0,1,0) -> 0 | BH235: =AF235+AG235+AH235 -> 9 | BI235: =IF(H235=0,"",BH235/H235) -> 0.042056075 | BJ235: =IF(AP235="","",AP235+AN235) -> 32
A236: 11230 | B236: 서울특별시 | C236: 동대문구 | D236: 2017 | E236: 14097 | F236: 2007 | G236: 2117 | H236: 228 | I236: 9413 | J236: 8167 | K236: 17 | L236: 16.173654 | M236: 1.2059303 | N236: 0.86762987 | O236: 0.66773072 | P236: 0.1501738 | Q236: -0.13647779 | R236: -0.19627942 | S236: 1 | T236: -0.012987013 | U236: -0.015994146 | V236: 0 | W236: -0.11842105 | X236: 0 | Y236: 0 | Z236: 0 | AA236: 0 | AB236: 학습 | AC236: 55 | AD236: 69 | AE236: 92 | AF236: 9 | AG236: 3 | AH236: 0 | AI236: 0.24122807 | AJ236: 0.30263158 | AK236: 0.40350877 | AL236: 0.039473684 | AM236: 0.013157895 | AN236: 7 | AO236: 0.029787234 | AP236: 11 | AQ236: 6 | AR236: 0.045833333 | AS236: 0.025 | AT236: =SUMIFS(시도_소아과개폐업!$C$5:$C$293,시도_소아과개폐업!$A$5:$A$293,$D236,시도_소아과개폐업!$B$5:$B$293,$B236) -> 145 | AU236: =SUMIFS(시도_소아과개폐업!$D$5:$D$293,시도_소아과개폐업!$A$5:$A$293,$D236,시도_소아과개폐업!$B$5:$B$293,$B236) -> 107 | AV236: =SUMIFS(시도_소아과개폐업!$F$5:$F$293,시도_소아과개폐업!$A$5:$A$293,$D236,시도_소아과개폐업!$B$5:$B$293,$B236) -> 38 | AW236: =SUMIFS(시도_소아과개폐업!$G$5:$G$293,시도_소아과개폐업!$A$5:$A$293,$D236,시도_소아과개폐업!$B$5:$B$293,$B236) -> 0.20576923 | AX236: =SUMIFS(시도_소아과개폐업!$H$5:$H$293,시도_소아과개폐업!$A$5:$A$293,$D236,시도_소아과개폐업!$B$5:$B$293,$B236) -> 310 | AY236: =SUMIFS(시군구_병원급!$E$5:$E$3668,시군구_병원급!$A$5:$A$3668,$A236,시군구_병원급!$D$5:$D$3668,$D236) -> 8 | AZ236: =SUMIFS(시군구_병원급!$F$5:$F$3668,시군구_병원급!$A$5:$A$3668,$A236,시군구_병원급!$D$5:$D$3668,$D236) -> 5 | BA236: =SUMIFS(시군구_병원급!$G$5:$G$3668,시군구_병원급!$A$5:$A$3668,$A236,시군구_병원급!$D$5:$D$3668,$D236) -> 18 | BB236: =SUMIFS(시군구_병원급!$H$5:$H$3668,시군구_병원급!$A$5:$A$3668,$A236,시군구_병원급!$D$5:$D$3668,$D236) -> 33 | BC236: =K236+AY236 -> 25 | BD236: =IF(E236=0,"",(K236+AY236)/E236*1000) -> 1.773427 | BE236: =AY236-SUMIFS(시군구_병원급!$E$5:$E$3668,시군구_병원급!$A$5:$A$3668,$A236,시군구_병원급!$D$5:$D$3668,$D236-3) -> 0 | BF236: =IF(AY236=0,1,0) -> 0 | BG236: =IF(K236+AY236=0,1,0) -> 0 | BH236: =AF236+AG236+AH236 -> 12 | BI236: =IF(H236=0,"",BH236/H236) -> 0.052631579 | BJ236: =IF(AP236="","",AP236+AN236) -> 18
A237: 11260 | B237: 서울특별시 | C237: 중랑구 | D237: 2017 | E237: 17108 | F237: 2536 | G237: 2744 | H237: 252 | I237: 11862 | J237: 10466 | K237: 19 | L237: 14.729951 | M237: 1.1105915 | N237: 0.88231327 | O237: 0.69335983 | P237: 0.1603928 | Q237: -0.10236634 | R237: -0.16545012 | S237: 0 | T237: -0.030769231 | U237: -0.008691292 | V237: 0 | W237: -0.12698413 | X237: 0 | Y237: 0 | Z237: 0 | AA237: 0 | AB237: 학습 | AC237: 39 | AD237: 101 | AE237: 105 | AF237: 2 | AG237: 5 | AH237: 0 | AI237: 0.1547619 | AJ237: 0.40079365 | AK237: 0.41666667 | AL237: 0.0079365079 | AM237: 0.01984127 | AN237: 3 | AO237: 0.011764706 | AP237: 14 | AQ237: 6 | AR237: 0.053231939 | AS237: 0.022813688 | AT237: =SUMIFS(시도_소아과개폐업!$C$5:$C$293,시도_소아과개폐업!$A$5:$A$293,$D237,시도_소아과개폐업!$B$5:$B$293,$B237) -> 145 | AU237: =SUMIFS(시도_소아과개폐업!$D$5:$D$293,시도_소아과개폐업!$A$5:$A$293,$D237,시도_소아과개폐업!$B$5:$B$293,$B237) -> 107 | AV237: =SUMIFS(시도_소아과개폐업!$F$5:$F$293,시도_소아과개폐업!$A$5:$A$293,$D237,시도_소아과개폐업!$B$5:$B$293,$B237) -> 38 | AW237: =SUMIFS(시도_소아과개폐업!$G$5:$G$293,시도_소아과개폐업!$A$5:$A$293,$D237,시도_소아과개폐업!$B$5:$B$293,$B237) -> 0.20576923 | AX237: =SUMIFS(시도_소아과개폐업!$H$5:$H$293,시도_소아과개폐업!$A$5:$A$293,$D237,시도_소아과개폐업!$B$5:$B$293,$B237) -> 310 | AY237: =SUMIFS(시군구_병원급!$E$5:$E$3668,시군구_병원급!$A$5:$A$3668,$A237,시군구_병원급!$D$5:$D$3668,$D237) -> 6 | AZ237: =SUMIFS(시군구_병원급!$F$5:$F$3668,시군구_병원급!$A$5:$A$3668,$A237,시군구_병원급!$D$5:$D$3668,$D237) -> 3 | BA237: =SUMIFS(시군구_병원급!$G$5:$G$3668,시군구_병원급!$A$5:$A$3668,$A237,시군구_병원급!$D$5:$D$3668,$D237) -> 15 | BB237: =SUMIFS(시군구_병원급!$H$5:$H$3668,시군구_병원급!$A$5:$A$3668,$A237,시군구_병원급!$D$5:$D$3668,$D237) -> 18 | BC237: =K237+AY237 -> 25 | BD237: =IF(E237=0,"",(K237+AY237)/E237*1000) -> 1.4613047 | BE237: =AY237-SUMIFS(시군구_병원급!$E$5:$E$3668,시군구_병원급!$A$5:$A$3668,$A237,시군구_병원급!$D$5:$D$3668,$D237-3) -> 0 | BF237: =IF(AY237=0,1,0) -> 0 | BG237: =IF(K237+AY237=0,1,0) -> 0 | BH237: =AF237+AG237+AH237 -> 7 | BI237: =IF(H237=0,"",BH237/H237) -> 0.027777778 | BJ237: =IF(AP237="","",AP237+AN237) -> 17
A238: 11290 | B238: 서울특별시 | C238: 성북구 | D238: 2017 | E238: 19082 | F238: 2508 | G238: 2631 | H238: 298 | I238: 11648 | J238: 10050 | K238: 19 | L238: 15.616812 | M238: 0.99570276 | N238: 0.86280907 | O238: 0.6104182 | P238: 0.13787863 | Q238: -0.14774453 | R238: -0.25614928 | S238: -5 | T238: -0.038709677 | U238: -0.031995346 | V238: 0 | W238: -0.17449664 | X238: 0 | Y238: 0 | Z238: 0 | AA238: 0 | AB238: 학습 | AC238: 66 | AD238: 95 | AE238: 110 | AF238: 6 | AG238: 20 | AH238: 1 | AI238: 0.22147651 | AJ238: 0.31879195 | AK238: 0.36912752 | AL238: 0.020134228 | AM238: 0.067114094 | AN238: 6 | AO238: 0.019736842 | AP238: 28 | AQ238: 17 | AR238: 0.088607595 | AS238: 0.053797468 | AT238: =SUMIFS(시도_소아과개폐업!$C$5:$C$293,시도_소아과개폐업!$A$5:$A$293,$D238,시도_소아과개폐업!$B$5:$B$293,$B238) -> 145 | AU238: =SUMIFS(시도_소아과개폐업!$D$5:$D$293,시도_소아과개폐업!$A$5:$A$293,$D238,시도_소아과개폐업!$B$5:$B$293,$B238) -> 107 | AV238: =SUMIFS(시도_소아과개폐업!$F$5:$F$293,시도_소아과개폐업!$A$5:$A$293,$D238,시도_소아과개폐업!$B$5:$B$293,$B238) -> 38 | AW238: =SUMIFS(시도_소아과개폐업!$G$5:$G$293,시도_소아과개폐업!$A$5:$A$293,$D238,시도_소아과개폐업!$B$5:$B$293,$B238) -> 0.20576923 | AX238: =SUMIFS(시도_소아과개폐업!$H$5:$H$293,시도_소아과개폐업!$A$5:$A$293,$D238,시도_소아과개폐업!$B$5:$B$293,$B238) -> 310 | AY238: =SUMIFS(시군구_병원급!$E$5:$E$3668,시군구_병원급!$A$5:$A$3668,$A238,시군구_병원급!$D$5:$D$3668,$D238) -> 5 | AZ238: =SUMIFS(시군구_병원급!$F$5:$F$3668,시군구_병원급!$A$5:$A$3668,$A238,시군구_병원급!$D$5:$D$3668,$D238) -> 1 | BA238: =SUMIFS(시군구_병원급!$G$5:$G$3668,시군구_병원급!$A$5:$A$3668,$A238,시군구_병원급!$D$5:$D$3668,$D238) -> 7 | BB238: =SUMIFS(시군구_병원급!$H$5:$H$3668,시군구_병원급!$A$5:$A$3668,$A238,시군구_병원급!$D$5:$D$3668,$D238) -> 14 | BC238: =K238+AY238 -> 24 | BD238: =IF(E238=0,"",(K238+AY238)/E238*1000) -> 1.2577298 | BE238: =AY238-SUMIFS(시군구_병원급!$E$5:$E$3668,시군구_병원급!$A$5:$A$3668,$A238,시군구_병원급!$D$5:$D$3668,$D238-3) -> 1 | BF238: =IF(AY238=0,1,0) -> 0 | BG238: =IF(K238+AY238=0,1,0) -> 0 | BH238: =AF238+AG238+AH238 -> 27 | BI238: =IF(H238=0,"",BH238/H238) -> 0.090604027 | BJ238: =IF(AP238="","",AP238+AN238) -> 34
A239: 11305 | B239: 서울특별시 | C239: 강북구 | D239: 2017 | E239: 11867 | F239: 1677 | G239: 1772 | H239: 174 | I239: 8817 | J239: 7635 | K239: 12 | L239: 14.662509 | M239: 1.0112076 | N239: 0.8659408 | O239: 0.74298475 | P239: 0.14932165 | Q239: -0.17773004 | R239: -0.24915254 | S239: -1 | T239: -0.043956044 | U239: -0.022180326 | V239: 0 | W239: -0.17241379 | X239: 0 | Y239: 0 | Z239: 0 | AA239: 0 | AB239: 학습 | AC239: 46 | AD239: 72 | AE239: 49 | AF239: 2 | AG239: 4 | AH239: 1 | AI239: 0.26436782 | AJ239: 0.4137931 | AK239: 0.2816092 | AL239: 0.011494253 | AM239: 0.022988506 | AN239: 2 | AO239: 0.011363636 | AP239: 26 | AQ239: 12 | AR239: 0.13684211 | AS239: 0.063157895 | AT239: =SUMIFS(시도_소아과개폐업!$C$5:$C$293,시도_소아과개폐업!$A$5:$A$293,$D239,시도_소아과개폐업!$B$5:$B$293,$B239) -> 145 | AU239: =SUMIFS(시도_소아과개폐업!$D$5:$D$293,시도_소아과개폐업!$A$5:$A$293,$D239,시도_소아과개폐업!$B$5:$B$293,$B239) -> 107 | AV239: =SUMIFS(시도_소아과개폐업!$F$5:$F$293,시도_소아과개폐업!$A$5:$A$293,$D239,시도_소아과개폐업!$B$5:$B$293,$B239) -> 38 | AW239: =SUMIFS(시도_소아과개폐업!$G$5:$G$293,시도_소아과개폐업!$A$5:$A$293,$D239,시도_소아과개폐업!$B$5:$B$293,$B239) -> 0.20576923 | AX239: =SUMIFS(시도_소아과개폐업!$H$5:$H$293,시도_소아과개폐업!$A$5:$A$293,$D239,시도_소아과개폐업!$B$5:$B$293,$B239) -> 310 | AY239: =SUMIFS(시군구_병원급!$E$5:$E$3668,시군구_병원급!$A$5:$A$3668,$A239,시군구_병원급!$D$5:$D$3668,$D239) -> 2 | AZ239: =SUMIFS(시군구_병원급!$F$5:$F$3668,시군구_병원급!$A$5:$A$3668,$A239,시군구_병원급!$D$5:$D$3668,$D239) -> 2 | BA239: =SUMIFS(시군구_병원급!$G$5:$G$3668,시군구_병원급!$A$5:$A$3668,$A239,시군구_병원급!$D$5:$D$3668,$D239) -> 10 | BB239: =SUMIFS(시군구_병원급!$H$5:$H$3668,시군구_병원급!$A$5:$A$3668,$A239,시군구_병원급!$D$5:$D$3668,$D239) -> 15 | BC239: =K239+AY239 -> 14 | BD239: =IF(E239=0,"",(K239+AY239)/E239*1000) -> 1.1797421 | BE239: =AY239-SUMIFS(시군구_병원급!$E$5:$E$3668,시군구_병원급!$A$5:$A$3668,$A239,시군구_병원급!$D$5:$D$3668,$D239-3) -> 0 | BF239: =IF(AY239=0,1,0) -> 0 | BG239: =IF(K239+AY239=0,1,0) -> 0 | BH239: =AF239+AG239+AH239 -> 7 | BI239: =IF(H239=0,"",BH239/H239) -> 0.040229885 | BJ239: =IF(AP239="","",AP239+AN239) -> 28
A240: 11320 | B240: 서울특별시 | C240: 도봉구 | D240: 2017 | E240: 13649 | F240: 1816 | G240: 1906 | H240: 255 | I240: 10297 | J240: 8795 | K240: 17 | L240: 18.682687 | M240: 1.2455125 | N240: 0.85413227 | O240: 0.75441424 | P240: 0.13964393 | Q240: -0.12528839 | R240: -0.25342734 | S240: 1 | T240: -0.037735849 | U240: -0.023333017 | V240: 0 | W240: -0.17647059 | X240: 0 | Y240: 0 | Z240: 0 | AA240: 0 | AB240: 학습 | AC240: 42 | AD240: 77 | AE240: 129 | AF240: 2 | AG240: 3 | AH240: 2 | AI240: 0.16470588 | AJ240: 0.30196078 | AK240: 0.50588235 | AL240: 0.0078431373 | AM240: 0.011764706 | AN240: 13 | AO240: 0.048507463 | AP240: 22 | AQ240: 12 | AR240: 0.079136691 | AS240: 0.043165468 | AT240: =SUMIFS(시도_소아과개폐업!$C$5:$C$293,시도_소아과개폐업!$A$5:$A$293,$D240,시도_소아과개폐업!$B$5:$B$293,$B240) -> 145 | AU240: =SUMIFS(시도_소아과개폐업!$D$5:$D$293,시도_소아과개폐업!$A$5:$A$293,$D240,시도_소아과개폐업!$B$5:$B$293,$B240) -> 107 | AV240: =SUMIFS(시도_소아과개폐업!$F$5:$F$293,시도_소아과개폐업!$A$5:$A$293,$D240,시도_소아과개폐업!$B$5:$B$293,$B240) -> 38 | AW240: =SUMIFS(시도_소아과개폐업!$G$5:$G$293,시도_소아과개폐업!$A$5:$A$293,$D240,시도_소아과개폐업!$B$5:$B$293,$B240) -> 0.20576923 | AX240: =SUMIFS(시도_소아과개폐업!$H$5:$H$293,시도_소아과개폐업!$A$5:$A$293,$D240,시도_소아과개폐업!$B$5:$B$293,$B240) -> 310 | AY240: =SUMIFS(시군구_병원급!$E$5:$E$3668,시군구_병원급!$A$5:$A$3668,$A240,시군구_병원급!$D$5:$D$3668,$D240) -> 3 | AZ240: =SUMIFS(시군구_병원급!$F$5:$F$3668,시군구_병원급!$A$5:$A$3668,$A240,시군구_병원급!$D$5:$D$3668,$D240) -> 1 | BA240: =SUMIFS(시군구_병원급!$G$5:$G$3668,시군구_병원급!$A$5:$A$3668,$A240,시군구_병원급!$D$5:$D$3668,$D240) -> 6 | BB240: =SUMIFS(시군구_병원급!$H$5:$H$3668,시군구_병원급!$A$5:$A$3668,$A240,시군구_병원급!$D$5:$D$3668,$D240) -> 20 | BC240: =K240+AY240 -> 20 | BD240: =IF(E240=0,"",(K240+AY240)/E240*1000) -> 1.4653088 | BE240: =AY240-SUMIFS(시군구_병원급!$E$5:$E$3668,시군구_병원급!$A$5:$A$3668,$A240,시군구_병원급!$D$5:$D$3668,$D240-3) -> 0 | BF240: =IF(AY240=0,1,0) -> 0 | BG240: =IF(K240+AY240=0,1,0) -> 0 | BH240: =AF240+AG240+AH240 -> 7 | BI240: =IF(H240=0,"",BH240/H240) -> 0.02745098 | BJ240: =IF(AP240="","",AP240+AN240) -> 35
A241: 11350 | B241: 서울특별시 | C241: 노원구 | D241: 2017 | E241: 23386 | F241: 3245 | G241: 3494 | H241: 478 | I241: 14186 | J241: 12483 | K241: 34 | L241: 20.439579 | M241: 1.4538613 | N241: 0.87995207 | O241: 0.60660224 | P241: 0.14940563 | Q241: -0.12794123 | R241: -0.25896076 | S241: -1 | T241: -0.032388664 | U241: -0.017317817 | V241: 0 | W241: -0.23849372 | X241: 1 | Y241: 0 | Z241: 1 | AA241: 0 | AB241: 학습 | AC241: 57 | AD241: 78 | AE241: 330 | AF241: 7 | AG241: 5 | AH241: 1 | AI241: 0.11924686 | AJ241: 0.16317992 | AK241: 0.69037657 | AL241: 0.014644351 | AM241: 0.010460251 | AN241: 19 | AO241: 0.038229376 | AP241: 35 | AQ241: 14 | AR241: 0.067567568 | AS241: 0.027027027 | AT241: =SUMIFS(시도_소아과개폐업!$C$5:$C$293,시도_소아과개폐업!$A$5:$A$293,$D241,시도_소아과개폐업!$B$5:$B$293,$B241) -> 145 | AU241: =SUMIFS(시도_소아과개폐업!$D$5:$D$293,시도_소아과개폐업!$A$5:$A$293,$D241,시도_소아과개폐업!$B$5:$B$293,$B241) -> 107 | AV241: =SUMIFS(시도_소아과개폐업!$F$5:$F$293,시도_소아과개폐업!$A$5:$A$293,$D241,시도_소아과개폐업!$B$5:$B$293,$B241) -> 38 | AW241: =SUMIFS(시도_소아과개폐업!$G$5:$G$293,시도_소아과개폐업!$A$5:$A$293,$D241,시도_소아과개폐업!$B$5:$B$293,$B241) -> 0.20576923 | AX241: =SUMIFS(시도_소아과개폐업!$H$5:$H$293,시도_소아과개폐업!$A$5:$A$293,$D241,시도_소아과개폐업!$B$5:$B$293,$B241) -> 310 | AY241: =SUMIFS(시군구_병원급!$E$5:$E$3668,시군구_병원급!$A$5:$A$3668,$A241,시군구_병원급!$D$5:$D$3668,$D241) -> 8 | AZ241: =SUMIFS(시군구_병원급!$F$5:$F$3668,시군구_병원급!$A$5:$A$3668,$A241,시군구_병원급!$D$5:$D$3668,$D241) -> 3 | BA241: =SUMIFS(시군구_병원급!$G$5:$G$3668,시군구_병원급!$A$5:$A$3668,$A241,시군구_병원급!$D$5:$D$3668,$D241) -> 10 | BB241: =SUMIFS(시군구_병원급!$H$5:$H$3668,시군구_병원급!$A$5:$A$3668,$A241,시군구_병원급!$D$5:$D$3668,$D241) -> 22 | BC241: =K241+AY241 -> 42 | BD241: =IF(E241=0,"",(K241+AY241)/E241*1000) -> 1.7959463 | BE241: =AY241-SUMIFS(시군구_병원급!$E$5:$E$3668,시군구_병원급!$A$5:$A$3668,$A241,시군구_병원급!$D$5:$D$3668,$D241-3) -> 0 | BF241: =IF(AY241=0,1,0) -> 0 | BG241: =IF(K241+AY241=0,1,0) -> 0 | BH241: =AF241+AG241+AH241 -> 13 | BI241: =IF(H241=0,"",BH241/H241) -> 0.027196653 | BJ241: =IF(AP241="","",AP241+AN241) -> 54
A242: 11380 | B242: 서울특별시 | C242: 은평구 | D242: 2017 | E242: 20553 | F242: 2793 | G242: 2930 | H242: 294 | I242: 14306 | J242: 12236 | K242: 27 | L242: 14.304481 | M242: 1.3136768 | N242: 0.85530547 | O242: 0.6960541 | P242: 0.14255826 | Q242: -0.14940198 | R242: -0.28274174 | S242: -1 | T242: -0.063694268 | U242: -0.046393814 | V242: 0 | W242: -0.16326531 | X242: 0 | Y242: 0 | Z242: 0 | AA242: 0 | AB242: 학습 | AC242: 41 | AD242: 158 | AE242: 84 | AF242: 2 | AG242: 8 | AH242: 1 | AI242: 0.13945578 | AJ242: 0.53741497 | AK242: 0.28571429 | AL242: 0.0068027211 | AM242: 0.027210884 | AN242: 3 | AO242: 0.01010101 | AP242: 30 | AQ242: 10 | AR242: 0.094637224 | AS242: 0.031545741 | AT242: =SUMIFS(시도_소아과개폐업!$C$5:$C$293,시도_소아과개폐업!$A$5:$A$293,$D242,시도_소아과개폐업!$B$5:$B$293,$B242) -> 145 | AU242: =SUMIFS(시도_소아과개폐업!$D$5:$D$293,시도_소아과개폐업!$A$5:$A$293,$D242,시도_소아과개폐업!$B$5:$B$293,$B242) -> 107 | AV242: =SUMIFS(시도_소아과개폐업!$F$5:$F$293,시도_소아과개폐업!$A$5:$A$293,$D242,시도_소아과개폐업!$B$5:$B$293,$B242) -> 38 | AW242: =SUMIFS(시도_소아과개폐업!$G$5:$G$293,시도_소아과개폐업!$A$5:$A$293,$D242,시도_소아과개폐업!$B$5:$B$293,$B242) -> 0.20576923 | AX242: =SUMIFS(시도_소아과개폐업!$H$5:$H$293,시도_소아과개폐업!$A$5:$A$293,$D242,시도_소아과개폐업!$B$5:$B$293,$B242) -> 310 | AY242: =SUMIFS(시군구_병원급!$E$5:$E$3668,시군구_병원급!$A$5:$A$3668,$A242,시군구_병원급!$D$5:$D$3668,$D242) -> 8 | AZ242: =SUMIFS(시군구_병원급!$F$5:$F$3668,시군구_병원급!$A$5:$A$3668,$A242,시군구_병원급!$D$5:$D$3668,$D242) -> 2 | BA242: =SUMIFS(시군구_병원급!$G$5:$G$3668,시군구_병원급!$A$5:$A$3668,$A242,시군구_병원급!$D$5:$D$3668,$D242) -> 12 | BB242: =SUMIFS(시군구_병원급!$H$5:$H$3668,시군구_병원급!$A$5:$A$3668,$A242,시군구_병원급!$D$5:$D$3668,$D242) -> 22 | BC242: =K242+AY242 -> 35 | BD242: =IF(E242=0,"",(K242+AY242)/E242*1000) -> 1.7029144 | BE242: =AY242-SUMIFS(시군구_병원급!$E$5:$E$3668,시군구_병원급!$A$5:$A$3668,$A242,시군구_병원급!$D$5:$D$3668,$D242-3) -> -2 | BF242: =IF(AY242=0,1,0) -> 0 | BG242: =IF(K242+AY242=0,1,0) -> 0 | BH242: =AF242+AG242+AH242 -> 11 | BI242: =IF(H242=0,"",BH242/H242) -> 0.037414966 | BJ242: =IF(AP242="","",AP242+AN242) -> 33
... A1604: 52800 | B1604: 전북특별자치도 | C1604: 부안군 | D1604: 2022 | E1604: 1046 | F1604: 139 | G1604: 138 | H1604: 17 | I1604: 911 | J1604: 622 | K1604: 1 | L1604: 16.25239 | M1604: 0.95602294 | N1604: 0.68276619 | O1604: 0.8709369 | P1604: 0.13193117 | Q1604: -0.28988459 | R1604: -0.38938053 | S1604: 0 | T1604: -0.10526316 | U1604: -0.098911968 | V1604: 0 | W1604: 0 | X1604: 0 | Y1604: 0 | Z1604: 0 | AA1604: 0 | AB1604: 검증 | AC1604: 3 | AD1604: 8 | AE1604: 3 | AF1604: 1 | AG1604: 2 | AH1604: 0 | AI1604: 0.17647059 | AJ1604: 0.47058824 | AK1604: 0.17647059 | AL1604: 0.058823529 | AM1604: 0.11764706 | AN1604: 4 | AO1604: 0.19047619 | AP1604: 1 | AQ1604: 0 | AR1604: 0.045454545 | AS1604: 0 | AT1604: =SUMIFS(시도_소아과개폐업!$C$5:$C$293,시도_소아과개폐업!$A$5:$A$293,$D1604,시도_소아과개폐업!$B$5:$B$293,$B1604) -> 15 | AU1604: =SUMIFS(시도_소아과개폐업!$D$5:$D$293,시도_소아과개폐업!$A$5:$A$293,$D1604,시도_소아과개폐업!$B$5:$B$293,$B1604) -> 10 | AV1604: =SUMIFS(시도_소아과개폐업!$F$5:$F$293,시도_소아과개폐업!$A$5:$A$293,$D1604,시도_소아과개폐업!$B$5:$B$293,$B1604) -> 5 | AW1604: =SUMIFS(시도_소아과개폐업!$G$5:$G$293,시도_소아과개폐업!$A$5:$A$293,$D1604,시도_소아과개폐업!$B$5:$B$293,$B1604) -> 0.15384615 | AX1604: =SUMIFS(시도_소아과개폐업!$H$5:$H$293,시도_소아과개폐업!$A$5:$A$293,$D1604,시도_소아과개폐업!$B$5:$B$293,$B1604) -> 38 | AY1604: =SUMIFS(시군구_병원급!$E$5:$E$3668,시군구_병원급!$A$5:$A$3668,$A1604,시군구_병원급!$D$5:$D$3668,$D1604) -> 0 | AZ1604: =SUMIFS(시군구_병원급!$F$5:$F$3668,시군구_병원급!$A$5:$A$3668,$A1604,시군구_병원급!$D$5:$D$3668,$D1604) -> 1 | BA1604: =SUMIFS(시군구_병원급!$G$5:$G$3668,시군구_병원급!$A$5:$A$3668,$A1604,시군구_병원급!$D$5:$D$3668,$D1604) -> 5 | BB1604: =SUMIFS(시군구_병원급!$H$5:$H$3668,시군구_병원급!$A$5:$A$3668,$A1604,시군구_병원급!$D$5:$D$3668,$D1604) -> 8 | BC1604: =K1604+AY1604 -> 1 | BD1604: =IF(E1604=0,"",(K1604+AY1604)/E1604*1000) -> 0.95602294 | BE1604: =AY1604-SUMIFS(시군구_병원급!$E$5:$E$3668,시군구_병원급!$A$5:$A$3668,$A1604,시군구_병원급!$D$5:$D$3668,$D1604-3) -> 0 | BF1604: =IF(AY1604=0,1,0) -> 1 | BG1604: =IF(K1604+AY1604=0,1,0) -> 0 | BH1604: =AF1604+AG1604+AH1604 -> 3 | BI1604: =IF(H1604=0,"",BH1604/H1604) -> 0.17647059 | BJ1604: =IF(AP1604="","",AP1604+AN1604) -> 5
A1605: 11110 | B1605: 서울특별시 | C1605: 종로구 | D1605: 2023 | E1605: 2894 | F1605: 390 | G1605: 396 | H1605: 66 | I1605: 4183 | J1605: 2466 | K1605: 4 | L1605: 22.805805 | M1605: 1.38217 | N1605: 0.58952905 | O1605: 1.4454043 | P1605: 0.13683483 | Q1605: -0.26229926 | R1605: -0.25141777 | S1605: 0 | T1605: -0.070422535 | U1605: -0.051258789 | V1605: 0 | AB1605: 예측(라벨 없음) | AC1605: 30 | AD1605: 4 | AE1605: 2 | AF1605: 28 | AG1605: 2 | AH1605: 0 | AI1605: 0.45454545 | AJ1605: 0.060606061 | AK1605: 0.03030303 | AL1605: 0.42424242 | AM1605: 0.03030303 | AN1605: 0 | AO1605: 0 | AP1605: 5 | AQ1605: 0 | AR1605: 0.070422535 | AS1605: 0 | AT1605: =SUMIFS(시도_소아과개폐업!$C$5:$C$293,시도_소아과개폐업!$A$5:$A$293,$D1605,시도_소아과개폐업!$B$5:$B$293,$B1605) -> 88 | AU1605: =SUMIFS(시도_소아과개폐업!$D$5:$D$293,시도_소아과개폐업!$A$5:$A$293,$D1605,시도_소아과개폐업!$B$5:$B$293,$B1605) -> 66 | AV1605: =SUMIFS(시도_소아과개폐업!$F$5:$F$293,시도_소아과개폐업!$A$5:$A$293,$D1605,시도_소아과개폐업!$B$5:$B$293,$B1605) -> 22 | AW1605: =SUMIFS(시도_소아과개폐업!$G$5:$G$293,시도_소아과개폐업!$A$5:$A$293,$D1605,시도_소아과개폐업!$B$5:$B$293,$B1605) -> 0.14473684 | AX1605: =SUMIFS(시도_소아과개폐업!$H$5:$H$293,시도_소아과개폐업!$A$5:$A$293,$D1605,시도_소아과개폐업!$B$5:$B$293,$B1605) -> 239 | AY1605: =SUMIFS(시군구_병원급!$E$5:$E$3668,시군구_병원급!$A$5:$A$3668,$A1605,시군구_병원급!$D$5:$D$3668,$D1605) -> 6 | AZ1605: =SUMIFS(시군구_병원급!$F$5:$F$3668,시군구_병원급!$A$5:$A$3668,$A1605,시군구_병원급!$D$5:$D$3668,$D1605) -> 4 | BA1605: =SUMIFS(시군구_병원급!$G$5:$G$3668,시군구_병원급!$A$5:$A$3668,$A1605,시군구_병원급!$D$5:$D$3668,$D1605) -> 7 | BB1605: =SUMIFS(시군구_병원급!$H$5:$H$3668,시군구_병원급!$A$5:$A$3668,$A1605,시군구_병원급!$D$5:$D$3668,$D1605) -> 11 | BC1605: =K1605+AY1605 -> 10 | BD1605: =IF(E1605=0,"",(K1605+AY1605)/E1605*1000) -> 3.455425 | BE1605: =AY1605-SUMIFS(시군구_병원급!$E$5:$E$3668,시군구_병원급!$A$5:$A$3668,$A1605,시군구_병원급!$D$5:$D$3668,$D1605-3) -> 0 | BF1605: =IF(AY1605=0,1,0) -> 0 | BG1605: =IF(K1605+AY1605=0,1,0) -> 0 | BH1605: =AF1605+AG1605+AH1605 -> 30 | BI1605: =IF(H1605=0,"",BH1605/H1605) -> 0.45454545 | BJ1605: =IF(AP1605="","",AP1605+AN1605) -> 5
A1606: 11140 | B1606: 서울특별시 | C1606: 중구 | D1606: 2023 | E1606: 3211 | F1606: 472 | G1606: 534 | H1606: 66 | I1606: 4158 | J1606: 2703 | K1606: 5 | L1606: 20.554344 | M1606: 1.5571473 | N1606: 0.65007215 | O1606: 1.2949237 | P1606: 0.16630333 | Q1606: -0.19925187 | R1606: -0.22608696 | S1606: 0 | T1606: 0.03125 | U1606: 0.0097134531 | V1606: 0 | AB1606: 예측(라벨 없음) | AC1606: 24 | AD1606: 3 | AE1606: 9 | AF1606: 24 | AG1606: 6 | AH1606: 0 | AI1606: 0.36363636 | AJ1606: 0.045454545 | AK1606: 0.13636364 | AL1606: 0.36363636 | AM1606: 0.090909091 | AN1606: 2 | AO1606: 0.029411765 | AP1606: 0 | AQ1606: 2 | AR1606: 0 | AS1606: 0.03030303 | AT1606: =SUMIFS(시도_소아과개폐업!$C$5:$C$293,시도_소아과개폐업!$A$5:$A$293,$D1606,시도_소아과개폐업!$B$5:$B$293,$B1606) -> 88 | AU1606: =SUMIFS(시도_소아과개폐업!$D$5:$D$293,시도_소아과개폐업!$A$5:$A$293,$D1606,시도_소아과개폐업!$B$5:$B$293,$B1606) -> 66 | AV1606: =SUMIFS(시도_소아과개폐업!$F$5:$F$293,시도_소아과개폐업!$A$5:$A$293,$D1606,시도_소아과개폐업!$B$5:$B$293,$B1606) -> 22 | AW1606: =SUMIFS(시도_소아과개폐업!$G$5:$G$293,시도_소아과개폐업!$A$5:$A$293,$D1606,시도_소아과개폐업!$B$5:$B$293,$B1606) -> 0.14473684 | AX1606: =SUMIFS(시도_소아과개폐업!$H$5:$H$293,시도_소아과개폐업!$A$5:$A$293,$D1606,시도_소아과개폐업!$B$5:$B$293,$B1606) -> 239 | AY1606: =SUMIFS(시군구_병원급!$E$5:$E$3668,시군구_병원급!$A$5:$A$3668,$A1606,시군구_병원급!$D$5:$D$3668,$D1606) -> 2 | AZ1606: =SUMIFS(시군구_병원급!$F$5:$F$3668,시군구_병원급!$A$5:$A$3668,$A1606,시군구_병원급!$D$5:$D$3668,$D1606) -> 1 | BA1606: =SUMIFS(시군구_병원급!$G$5:$G$3668,시군구_병원급!$A$5:$A$3668,$A1606,시군구_병원급!$D$5:$D$3668,$D1606) -> 4 | BB1606: =SUMIFS(시군구_병원급!$H$5:$H$3668,시군구_병원급!$A$5:$A$3668,$A1606,시군구_병원급!$D$5:$D$3668,$D1606) -> 10 | BC1606: =K1606+AY1606 -> 7 | BD1606: =IF(E1606=0,"",(K1606+AY1606)/E1606*1000) -> 2.1800062 | BE1606: =AY1606-SUMIFS(시군구_병원급!$E$5:$E$3668,시군구_병원급!$A$5:$A$3668,$A1606,시군구_병원급!$D$5:$D$3668,$D1606-3) -> -2 | BF1606: =IF(AY1606=0,1,0) -> 0 | BG1606: =IF(K1606+AY1606=0,1,0) -> 0 | BH1606: =AF1606+AG1606+AH1606 -> 30 | BI1606: =IF(H1606=0,"",BH1606/H1606) -> 0.45454545 | BJ1606: =IF(AP1606="","",AP1606+AN1606) -> 2
A1607: 11170 | B1607: 서울특별시 | C1607: 용산구 | D1607: 2023 | E1607: 6178 | F1607: 927 | G1607: 1012 | H1607: 100 | I1607: 4759 | J1607: 3472 | K1607: 9 | L1607: 16.186468 | M1607: 1.4567821 | N1607: 0.72956503 | O1607: 0.77031402 | P1607: 0.16380706 | Q1607: -0.20499292 | R1607: -0.13945578 | S1607: 0 | T1607: -0.056603774 | U1607: -0.04495284 | V1607: 0 | AB1607: 예측(라벨 없음) | AC1607: 36 | AD1607: 15 | AE1607: 28 | AF1607: 12 | AG1607: 9 | AH1607: 0 | AI1607: 0.36 | AJ1607: 0.15 | AK1607: 0.28 | AL1607: 0.12 | AM1607: 0.09 | AN1607: 0 | AO1607: 0 | AP1607: 7 | AQ1607: 1 | AR1607: 0.066037736 | AS1607: 0.0094339623 | AT1607: =SUMIFS(시도_소아과개폐업!$C$5:$C$293,시도_소아과개폐업!$A$5:$A$293,$D1607,시도_소아과개폐업!$B$5:$B$293,$B1607) -> 88 | AU1607: =SUMIFS(시도_소아과개폐업!$D$5:$D$293,시도_소아과개폐업!$A$5:$A$293,$D1607,시도_소아과개폐업!$B$5:$B$293,$B1607) -> 66 | AV1607: =SUMIFS(시도_소아과개폐업!$F$5:$F$293,시도_소아과개폐업!$A$5:$A$293,$D1607,시도_소아과개폐업!$B$5:$B$293,$B1607) -> 22 | AW1607: =SUMIFS(시도_소아과개폐업!$G$5:$G$293,시도_소아과개폐업!$A$5:$A$293,$D1607,시도_소아과개폐업!$B$5:$B$293,$B1607) -> 0.14473684 | AX1607: =SUMIFS(시도_소아과개폐업!$H$5:$H$293,시도_소아과개폐업!$A$5:$A$293,$D1607,시도_소아과개폐업!$B$5:$B$293,$B1607) -> 239 | AY1607: =SUMIFS(시군구_병원급!$E$5:$E$3668,시군구_병원급!$A$5:$A$3668,$A1607,시군구_병원급!$D$5:$D$3668,$D1607) -> 1 | AZ1607: =SUMIFS(시군구_병원급!$F$5:$F$3668,시군구_병원급!$A$5:$A$3668,$A1607,시군구_병원급!$D$5:$D$3668,$D1607) -> 1 | BA1607: =SUMIFS(시군구_병원급!$G$5:$G$3668,시군구_병원급!$A$5:$A$3668,$A1607,시군구_병원급!$D$5:$D$3668,$D1607) -> 2 | BB1607: =SUMIFS(시군구_병원급!$H$5:$H$3668,시군구_병원급!$A$5:$A$3668,$A1607,시군구_병원급!$D$5:$D$3668,$D1607) -> 2 | BC1607: =K1607+AY1607 -> 10 | BD1607: =IF(E1607=0,"",(K1607+AY1607)/E1607*1000) -> 1.6186468 | BE1607: =AY1607-SUMIFS(시군구_병원급!$E$5:$E$3668,시군구_병원급!$A$5:$A$3668,$A1607,시군구_병원급!$D$5:$D$3668,$D1607-3) -> -1 | BF1607: =IF(AY1607=0,1,0) -> 0 | BG1607: =IF(K1607+AY1607=0,1,0) -> 0 | BH1607: =AF1607+AG1607+AH1607 -> 21 | BI1607: =IF(H1607=0,"",BH1607/H1607) -> 0.21 | BJ1607: =IF(AP1607="","",AP1607+AN1607) -> 7
A1608: 11200 | B1608: 서울특별시 | C1608: 성동구 | D1608: 2023 | E1608: 9592 | F1608: 1409 | G1608: 1483 | H1608: 146 | I1608: 6952 | J1608: 4829 | K1608: 20 | L1608: 15.221018 | M1608: 2.0850709 | N1608: 0.69462025 | O1608: 0.72477064 | P1608: 0.15460801 | Q1608: -0.21933751 | R1608: -0.23753213 | S1608: -2 | T1608: -0.033112583 | U1608: -0.048323066 | V1608: 0 | AB1608: 예측(라벨 없음) | AC1608: 81 | AD1608: 16 | AE1608: 40 | AF1608: 7 | AG1608: 2 | AH1608: 0 | AI1608: 0.55479452 | AJ1608: 0.10958904 | AK1608: 0.2739726 | AL1608: 0.047945205 | AM1608: 0.01369863 | AN1608: 3 | AO1608: 0.020134228 | AP1608: 5 | AQ1608: 0 | AR1608: 0.032467532 | AS1608: 0 | AT1608: =SUMIFS(시도_소아과개폐업!$C$5:$C$293,시도_소아과개폐업!$A$5:$A$293,$D1608,시도_소아과개폐업!$B$5:$B$293,$B1608) -> 88 | AU1608: =SUMIFS(시도_소아과개폐업!$D$5:$D$293,시도_소아과개폐업!$A$5:$A$293,$D1608,시도_소아과개폐업!$B$5:$B$293,$B1608) -> 66 | AV1608: =SUMIFS(시도_소아과개폐업!$F$5:$F$293,시도_소아과개폐업!$A$5:$A$293,$D1608,시도_소아과개폐업!$B$5:$B$293,$B1608) -> 22 | AW1608: =SUMIFS(시도_소아과개폐업!$G$5:$G$293,시도_소아과개폐업!$A$5:$A$293,$D1608,시도_소아과개폐업!$B$5:$B$293,$B1608) -> 0.14473684 | AX1608: =SUMIFS(시도_소아과개폐업!$H$5:$H$293,시도_소아과개폐업!$A$5:$A$293,$D1608,시도_소아과개폐업!$B$5:$B$293,$B1608) -> 239 | AY1608: =SUMIFS(시군구_병원급!$E$5:$E$3668,시군구_병원급!$A$5:$A$3668,$A1608,시군구_병원급!$D$5:$D$3668,$D1608) -> 3 | AZ1608: =SUMIFS(시군구_병원급!$F$5:$F$3668,시군구_병원급!$A$5:$A$3668,$A1608,시군구_병원급!$D$5:$D$3668,$D1608) -> 2 | BA1608: =SUMIFS(시군구_병원급!$G$5:$G$3668,시군구_병원급!$A$5:$A$3668,$A1608,시군구_병원급!$D$5:$D$3668,$D1608) -> 6 | BB1608: =SUMIFS(시군구_병원급!$H$5:$H$3668,시군구_병원급!$A$5:$A$3668,$A1608,시군구_병원급!$D$5:$D$3668,$D1608) -> 10 | BC1608: =K1608+AY1608 -> 23 | BD1608: =IF(E1608=0,"",(K1608+AY1608)/E1608*1000) -> 2.3978315 | BE1608: =AY1608-SUMIFS(시군구_병원급!$E$5:$E$3668,시군구_병원급!$A$5:$A$3668,$A1608,시군구_병원급!$D$5:$D$3668,$D1608-3) -> 0 | BF1608: =IF(AY1608=0,1,0) -> 0 | BG1608: =IF(K1608+AY1608=0,1,0) -> 0 | BH1608: =AF1608+AG1608+AH1608 -> 9 | BI1608: =IF(H1608=0,"",BH1608/H1608) -> 0.061643836 | BJ1608: =IF(AP1608="","",AP1608+AN1608) -> 8
A1609: 11215 | B1609: 서울특별시 | C1609: 광진구 | D1609: 2023 | E1609: 7750 | F1609: 1120 | G1609: 1231 | H1609: 138 | I1609: 6083 | J1609: 4523 | K1609: 16 | L1609: 17.806452 | M1609: 2.0645161 | N1609: 0.74354759 | O1609: 0.78490323 | P1609: 0.15883871 | Q1609: -0.26288758 | R1609: -0.1964752 | S1609: -3 | T1609: -0.092105263 | U1609: -0.08291874 | V1609: 0 | AB1609: 예측(라벨 없음) | AC1609: 56 | AD1609: 40 | AE1609: 37 | AF1609: 4 | AG1609: 0 | AH1609: 1 | AI1609: 0.4057971 | AJ1609: 0.28985507 | AK1609: 0.26811594 | AL1609: 0.028985507 | AM1609: 0 | AN1609: 1 | AO1609: 0.0071942446 | AP1609: 16 | AQ1609: 2 | AR1609: 0.10457516 | AS1609: 0.013071895 | AT1609: =SUMIFS(시도_소아과개폐업!$C$5:$C$293,시도_소아과개폐업!$A$5:$A$293,$D1609,시도_소아과개폐업!$B$5:$B$293,$B1609) -> 88 | AU1609: =SUMIFS(시도_소아과개폐업!$D$5:$D$293,시도_소아과개폐업!$A$5:$A$293,$D1609,시도_소아과개폐업!$B$5:$B$293,$B1609) -> 66 | AV1609: =SUMIFS(시도_소아과개폐업!$F$5:$F$293,시도_소아과개폐업!$A$5:$A$293,$D1609,시도_소아과개폐업!$B$5:$B$293,$B1609) -> 22 | AW1609: =SUMIFS(시도_소아과개폐업!$G$5:$G$293,시도_소아과개폐업!$A$5:$A$293,$D1609,시도_소아과개폐업!$B$5:$B$293,$B1609) -> 0.14473684 | AX1609: =SUMIFS(시도_소아과개폐업!$H$5:$H$293,시도_소아과개폐업!$A$5:$A$293,$D1609,시도_소아과개폐업!$B$5:$B$293,$B1609) -> 239 | AY1609: =SUMIFS(시군구_병원급!$E$5:$E$3668,시군구_병원급!$A$5:$A$3668,$A1609,시군구_병원급!$D$5:$D$3668,$D1609) -> 2 | AZ1609: =SUMIFS(시군구_병원급!$F$5:$F$3668,시군구_병원급!$A$5:$A$3668,$A1609,시군구_병원급!$D$5:$D$3668,$D1609) -> 2 | BA1609: =SUMIFS(시군구_병원급!$G$5:$G$3668,시군구_병원급!$A$5:$A$3668,$A1609,시군구_병원급!$D$5:$D$3668,$D1609) -> 6 | BB1609: =SUMIFS(시군구_병원급!$H$5:$H$3668,시군구_병원급!$A$5:$A$3668,$A1609,시군구_병원급!$D$5:$D$3668,$D1609) -> 13 | BC1609: =K1609+AY1609 -> 18 | BD1609: =IF(E1609=0,"",(K1609+AY1609)/E1609*1000) -> 2.3225806 | BE1609: =AY1609-SUMIFS(시군구_병원급!$E$5:$E$3668,시군구_병원급!$A$5:$A$3668,$A1609,시군구_병원급!$D$5:$D$3668,$D1609-3) -> 0 | BF1609: =IF(AY1609=0,1,0) -> 0 | BG1609: =IF(K1609+AY1609=0,1,0) -> 0 | BH1609: =AF1609+AG1609+AH1609 -> 5 | BI1609: =IF(H1609=0,"",BH1609/H1609) -> 0.036231884 | BJ1609: =IF(AP1609="","",AP1609+AN1609) -> 17
A1610: 11230 | B1610: 서울특별시 | C1610: 동대문구 | D1610: 2023 | E1610: 9754 | F1610: 1390 | G1610: 1359 | H1610: 180 | I1610: 7817 | J1610: 5859 | K1610: 16 | L1610: 18.453968 | M1610: 1.6403527 | N1610: 0.74952028 | O1610: 0.8014148 | P1610: 0.13932746 | Q1610: -0.17499789 | R1610: -0.20152761 | S1610: 1 | T1610: -0.02173913 | U1610: -0.020303296 | V1610: 0 | AB1610: 예측(라벨 없음) | AC1610: 77 | AD1610: 41 | AE1610: 52 | AF1610: 8 | AG1610: 2 | AH1610: 0 | AI1610: 0.42777778 | AJ1610: 0.22777778 | AK1610: 0.28888889 | AL1610: 0.044444444 | AM1610: 0.011111111 | AN1610: 1 | AO1610: 0.0055248619 | AP1610: 8 | AQ1610: 3 | AR1610: 0.043010753 | AS1610: 0.016129032 | AT1610: =SUMIFS(시도_소아과개폐업!$C$5:$C$293,시도_소아과개폐업!$A$5:$A$293,$D1610,시도_소아과개폐업!$B$5:$B$293,$B1610) -> 88 | AU1610: =SUMIFS(시도_소아과개폐업!$D$5:$D$293,시도_소아과개폐업!$A$5:$A$293,$D1610,시도_소아과개폐업!$B$5:$B$293,$B1610) -> 66 | AV1610: =SUMIFS(시도_소아과개폐업!$F$5:$F$293,시도_소아과개폐업!$A$5:$A$293,$D1610,시도_소아과개폐업!$B$5:$B$293,$B1610) -> 22 | AW1610: =SUMIFS(시도_소아과개폐업!$G$5:$G$293,시도_소아과개폐업!$A$5:$A$293,$D1610,시도_소아과개폐업!$B$5:$B$293,$B1610) -> 0.14473684 | AX1610: =SUMIFS(시도_소아과개폐업!$H$5:$H$293,시도_소아과개폐업!$A$5:$A$293,$D1610,시도_소아과개폐업!$B$5:$B$293,$B1610) -> 239 | AY1610: =SUMIFS(시군구_병원급!$E$5:$E$3668,시군구_병원급!$A$5:$A$3668,$A1610,시군구_병원급!$D$5:$D$3668,$D1610) -> 7 | AZ1610: =SUMIFS(시군구_병원급!$F$5:$F$3668,시군구_병원급!$A$5:$A$3668,$A1610,시군구_병원급!$D$5:$D$3668,$D1610) -> 4 | BA1610: =SUMIFS(시군구_병원급!$G$5:$G$3668,시군구_병원급!$A$5:$A$3668,$A1610,시군구_병원급!$D$5:$D$3668,$D1610) -> 17 | BB1610: =SUMIFS(시군구_병원급!$H$5:$H$3668,시군구_병원급!$A$5:$A$3668,$A1610,시군구_병원급!$D$5:$D$3668,$D1610) -> 32 | BC1610: =K1610+AY1610 -> 23 | BD1610: =IF(E1610=0,"",(K1610+AY1610)/E1610*1000) -> 2.358007 | BE1610: =AY1610-SUMIFS(시군구_병원급!$E$5:$E$3668,시군구_병원급!$A$5:$A$3668,$A1610,시군구_병원급!$D$5:$D$3668,$D1610-3) -> 0 | BF1610: =IF(AY1610=0,1,0) -> 0 | BG1610: =IF(K1610+AY1610=0,1,0) -> 0 | BH1610: =AF1610+AG1610+AH1610 -> 10 | BI1610: =IF(H1610=0,"",BH1610/H1610) -> 0.055555556 | BJ1610: =IF(AP1610="","",AP1610+AN1610) -> 9
A1611: 11260 | B1611: 서울특별시 | C1611: 중랑구 | D1611: 2023 | E1611: 10429 | F1611: 1702 | G1611: 1762 | H1611: 176 | I1611: 9057 | J1611: 6782 | K1611: 16 | L1611: 16.876019 | M1611: 1.5341835 | N1611: 0.74881307 | O1611: 0.86844376 | P1611: 0.16895196 | Q1611: -0.20328495 | R1611: -0.059263214 | S1611: -1 | T1611: -0.078534031 | U1611: -0.072028689 | V1611: 0 | AB1611: 예측(라벨 없음) | AC1611: 66 | AD1611: 58 | AE1611: 44 | AF1611: 3 | AG1611: 4 | AH1611: 1 | AI1611: 0.375 | AJ1611: 0.32954545 | AK1611: 0.25 | AL1611: 0.017045455 | AM1611: 0.022727273 | AN1611: 2 | AO1611: 0.011235955 | AP1611: 16 | AQ1611: 1 | AR1611: 0.082901554 | AS1611: 0.0051813472 | AT1611: =SUMIFS(시도_소아과개폐업!$C$5:$C$293,시도_소아과개폐업!$A$5:$A$293,$D1611,시도_소아과개폐업!$B$5:$B$293,$B1611) -> 88 | AU1611: =SUMIFS(시도_소아과개폐업!$D$5:$D$293,시도_소아과개폐업!$A$5:$A$293,$D1611,시도_소아과개폐업!$B$5:$B$293,$B1611) -> 66 | AV1611: =SUMIFS(시도_소아과개폐업!$F$5:$F$293,시도_소아과개폐업!$A$5:$A$293,$D1611,시도_소아과개폐업!$B$5:$B$293,$B1611) -> 22 | AW1611: =SUMIFS(시도_소아과개폐업!$G$5:$G$293,시도_소아과개폐업!$A$5:$A$293,$D1611,시도_소아과개폐업!$B$5:$B$293,$B1611) -> 0.14473684 | AX1611: =SUMIFS(시도_소아과개폐업!$H$5:$H$293,시도_소아과개폐업!$A$5:$A$293,$D1611,시도_소아과개폐업!$B$5:$B$293,$B1611) -> 239 | AY1611: =SUMIFS(시군구_병원급!$E$5:$E$3668,시군구_병원급!$A$5:$A$3668,$A1611,시군구_병원급!$D$5:$D$3668,$D1611) -> 7 | AZ1611: =SUMIFS(시군구_병원급!$F$5:$F$3668,시군구_병원급!$A$5:$A$3668,$A1611,시군구_병원급!$D$5:$D$3668,$D1611) -> 3 | BA1611: =SUMIFS(시군구_병원급!$G$5:$G$3668,시군구_병원급!$A$5:$A$3668,$A1611,시군구_병원급!$D$5:$D$3668,$D1611) -> 16 | BB1611: =SUMIFS(시군구_병원급!$H$5:$H$3668,시군구_병원급!$A$5:$A$3668,$A1611,시군구_병원급!$D$5:$D$3668,$D1611) -> 20 | BC1611: =K1611+AY1611 -> 23 | BD1611: =IF(E1611=0,"",(K1611+AY1611)/E1611*1000) -> 2.2053888 | BE1611: =AY1611-SUMIFS(시군구_병원급!$E$5:$E$3668,시군구_병원급!$A$5:$A$3668,$A1611,시군구_병원급!$D$5:$D$3668,$D1611-3) -> 1 | BF1611: =IF(AY1611=0,1,0) -> 0 | BG1611: =IF(K1611+AY1611=0,1,0) -> 0 | BH1611: =AF1611+AG1611+AH1611 -> 8 | BI1611: =IF(H1611=0,"",BH1611/H1611) -> 0.045454545 | BJ1611: =IF(AP1611="","",AP1611+AN1611) -> 18
A1612: 11290 | B1612: 서울특별시 | C1612: 성북구 | D1612: 2023 | E1612: 12186 | F1612: 1696 | G1612: 1695 | H1612: 191 | I1612: 7857 | J1612: 6203 | K1612: 18 | L1612: 15.673724 | M1612: 1.4771049 | N1612: 0.78948708 | O1612: 0.64475628 | P1612: 0.13909404 | Q1612: -0.21064905 | R1612: -0.16952474 | S1612: -2 | T1612: -0.09047619 | U1612: -0.093876139 | V1612: 0 | AB1612: 예측(라벨 없음) | AC1612: 85 | AD1612: 36 | AE1612: 51 | AF1612: 6 | AG1612: 11 | AH1612: 2 | AI1612: 0.44502618 | AJ1612: 0.18848168 | AK1612: 0.26701571 | AL1612: 0.031413613 | AM1612: 0.057591623 | AN1612: 4 | AO1612: 0.020512821 | AP1612: 19 | AQ1612: 1 | AR1612: 0.089201878 | AS1612: 0.0046948357 | AT1612: =SUMIFS(시도_소아과개폐업!$C$5:$C$293,시도_소아과개폐업!$A$5:$A$293,$D1612,시도_소아과개폐업!$B$5:$B$293,$B1612) -> 88 | AU1612: =SUMIFS(시도_소아과개폐업!$D$5:$D$293,시도_소아과개폐업!$A$5:$A$293,$D1612,시도_소아과개폐업!$B$5:$B$293,$B1612) -> 66 | AV1612: =SUMIFS(시도_소아과개폐업!$F$5:$F$293,시도_소아과개폐업!$A$5:$A$293,$D1612,시도_소아과개폐업!$B$5:$B$293,$B1612) -> 22 | AW1612: =SUMIFS(시도_소아과개폐업!$G$5:$G$293,시도_소아과개폐업!$A$5:$A$293,$D1612,시도_소아과개폐업!$B$5:$B$293,$B1612) -> 0.14473684 | AX1612: =SUMIFS(시도_소아과개폐업!$H$5:$H$293,시도_소아과개폐업!$A$5:$A$293,$D1612,시도_소아과개폐업!$B$5:$B$293,$B1612) -> 239 | AY1612: =SUMIFS(시군구_병원급!$E$5:$E$3668,시군구_병원급!$A$5:$A$3668,$A1612,시군구_병원급!$D$5:$D$3668,$D1612) -> 6 | AZ1612: =SUMIFS(시군구_병원급!$F$5:$F$3668,시군구_병원급!$A$5:$A$3668,$A1612,시군구_병원급!$D$5:$D$3668,$D1612) -> 1 | BA1612: =SUMIFS(시군구_병원급!$G$5:$G$3668,시군구_병원급!$A$5:$A$3668,$A1612,시군구_병원급!$D$5:$D$3668,$D1612) -> 7 | BB1612: =SUMIFS(시군구_병원급!$H$5:$H$3668,시군구_병원급!$A$5:$A$3668,$A1612,시군구_병원급!$D$5:$D$3668,$D1612) -> 18 | BC1612: =K1612+AY1612 -> 24 | BD1612: =IF(E1612=0,"",(K1612+AY1612)/E1612*1000) -> 1.9694732 | BE1612: =AY1612-SUMIFS(시군구_병원급!$E$5:$E$3668,시군구_병원급!$A$5:$A$3668,$A1612,시군구_병원급!$D$5:$D$3668,$D1612-3) -> 1 | BF1612: =IF(AY1612=0,1,0) -> 0 | BG1612: =IF(K1612+AY1612=0,1,0) -> 0 | BH1612: =AF1612+AG1612+AH1612 -> 19 | BI1612: =IF(H1612=0,"",BH1612/H1612) -> 0.09947644 | BJ1612: =IF(AP1612="","",AP1612+AN1612) -> 23
A1613: 11305 | B1613: 서울특별시 | C1613: 강북구 | D1613: 2023 | E1613: 5724 | F1613: 791 | G1613: 826 | H1613: 115 | I1613: 5749 | J1613: 4317 | K1613: 8 | L1613: 20.090846 | M1613: 1.397624 | N1613: 0.7509132 | O1613: 1.0043676 | P1613: 0.14430468 | Q1613: -0.31110844 | R1613: -0.21258341 | S1613: -2 | T1613: -0.057377049 | U1613: -0.11403914 | V1613: 0 | AB1613: 예측(라벨 없음) | AC1613: 61 | AD1613: 29 | AE1613: 19 | AF1613: 2 | AG1613: 2 | AH1613: 2 | AI1613: 0.53043478 | AJ1613: 0.25217391 | AK1613: 0.16521739 | AL1613: 0.017391304 | AM1613: 0.017391304 | AN1613: 1 | AO1613: 0.0086206897 | AP1613: 10 | AQ1613: 1 | AR1613: 0.08 | AS1613: 0.008 | AT1613: =SUMIFS(시도_소아과개폐업!$C$5:$C$293,시도_소아과개폐업!$A$5:$A$293,$D1613,시도_소아과개폐업!$B$5:$B$293,$B1613) -> 88 | AU1613: =SUMIFS(시도_소아과개폐업!$D$5:$D$293,시도_소아과개폐업!$A$5:$A$293,$D1613,시도_소아과개폐업!$B$5:$B$293,$B1613) -> 66 | AV1613: =SUMIFS(시도_소아과개폐업!$F$5:$F$293,시도_소아과개폐업!$A$5:$A$293,$D1613,시도_소아과개폐업!$B$5:$B$293,$B1613) -> 22 | AW1613: =SUMIFS(시도_소아과개폐업!$G$5:$G$293,시도_소아과개폐업!$A$5:$A$293,$D1613,시도_소아과개폐업!$B$5:$B$293,$B1613) -> 0.14473684 | AX1613: =SUMIFS(시도_소아과개폐업!$H$5:$H$293,시도_소아과개폐업!$A$5:$A$293,$D1613,시도_소아과개폐업!$B$5:$B$293,$B1613) -> 239 | AY1613: =SUMIFS(시군구_병원급!$E$5:$E$3668,시군구_병원급!$A$5:$A$3668,$A1613,시군구_병원급!$D$5:$D$3668,$D1613) -> 1 | AZ1613: =SUMIFS(시군구_병원급!$F$5:$F$3668,시군구_병원급!$A$5:$A$3668,$A1613,시군구_병원급!$D$5:$D$3668,$D1613) -> 2 | BA1613: =SUMIFS(시군구_병원급!$G$5:$G$3668,시군구_병원급!$A$5:$A$3668,$A1613,시군구_병원급!$D$5:$D$3668,$D1613) -> 10 | BB1613: =SUMIFS(시군구_병원급!$H$5:$H$3668,시군구_병원급!$A$5:$A$3668,$A1613,시군구_병원급!$D$5:$D$3668,$D1613) -> 16 | BC1613: =K1613+AY1613 -> 9 | BD1613: =IF(E1613=0,"",(K1613+AY1613)/E1613*1000) -> 1.572327 | BE1613: =AY1613-SUMIFS(시군구_병원급!$E$5:$E$3668,시군구_병원급!$A$5:$A$3668,$A1613,시군구_병원급!$D$5:$D$3668,$D1613-3) -> -1 | BF1613: =IF(AY1613=0,1,0) -> 0 | BG1613: =IF(K1613+AY1613=0,1,0) -> 0 | BH1613: =AF1613+AG1613+AH1613 -> 6 | BI1613: =IF(H1613=0,"",BH1613/H1613) -> 0.052173913 | BJ1613: =IF(AP1613="","",AP1613+AN1613) -> 11
A1614: 11320 | B1614: 서울특별시 | C1614: 도봉구 | D1614: 2023 | E1614: 6974 | F1614: 952 | G1614: 971 | H1614: 158 | I1614: 6776 | J1614: 4659 | K1614: 13 | L1614: 22.655578 | M1614: 1.8640665 | N1614: 0.68757379 | O1614: 0.97160883 | P1614: 0.13923143 | Q1614: -0.30008029 | R1614: -0.20279146 | S1614: -1 | T1614: -0.070588235 | U1614: -0.06615215 | V1614: 0 | AB1614: 예측(라벨 없음) | AC1614: 65 | AD1614: 40 | AE1614: 47 | AF1614: 3 | AG1614: 2 | AH1614: 1 | AI1614: 0.41139241 | AJ1614: 0.25316456 | AK1614: 0.29746835 | AL1614: 0.018987342 | AM1614: 0.012658228 | AN1614: 6 | AO1614: 0.036585366 | AP1614: 12 | AQ1614: 1 | AR1614: 0.068571429 | AS1614: 0.0057142857 | AT1614: =SUMIFS(시도_소아과개폐업!$C$5:$C$293,시도_소아과개폐업!$A$5:$A$293,$D1614,시도_소아과개폐업!$B$5:$B$293,$B1614) -> 88 | AU1614: =SUMIFS(시도_소아과개폐업!$D$5:$D$293,시도_소아과개폐업!$A$5:$A$293,$D1614,시도_소아과개폐업!$B$5:$B$293,$B1614) -> 66 | AV1614: =SUMIFS(시도_소아과개폐업!$F$5:$F$293,시도_소아과개폐업!$A$5:$A$293,$D1614,시도_소아과개폐업!$B$5:$B$293,$B1614) -> 22 | AW1614: =SUMIFS(시도_소아과개폐업!$G$5:$G$293,시도_소아과개폐업!$A$5:$A$293,$D1614,시도_소아과개폐업!$B$5:$B$293,$B1614) -> 0.14473684 | AX1614: =SUMIFS(시도_소아과개폐업!$H$5:$H$293,시도_소아과개폐업!$A$5:$A$293,$D1614,시도_소아과개폐업!$B$5:$B$293,$B1614) -> 239 | AY1614: =SUMIFS(시군구_병원급!$E$5:$E$3668,시군구_병원급!$A$5:$A$3668,$A1614,시군구_병원급!$D$5:$D$3668,$D1614) -> 3 | AZ1614: =SUMIFS(시군구_병원급!$F$5:$F$3668,시군구_병원급!$A$5:$A$3668,$A1614,시군구_병원급!$D$5:$D$3668,$D1614) -> 1 | BA1614: =SUMIFS(시군구_병원급!$G$5:$G$3668,시군구_병원급!$A$5:$A$3668,$A1614,시군구_병원급!$D$5:$D$3668,$D1614) -> 5 | BB1614: =SUMIFS(시군구_병원급!$H$5:$H$3668,시군구_병원급!$A$5:$A$3668,$A1614,시군구_병원급!$D$5:$D$3668,$D1614) -> 18 | BC1614: =K1614+AY1614 -> 16 | BD1614: =IF(E1614=0,"",(K1614+AY1614)/E1614*1000) -> 2.2942357 | BE1614: =AY1614-SUMIFS(시군구_병원급!$E$5:$E$3668,시군구_병원급!$A$5:$A$3668,$A1614,시군구_병원급!$D$5:$D$3668,$D1614-3) -> 0 | BF1614: =IF(AY1614=0,1,0) -> 0 | BG1614: =IF(K1614+AY1614=0,1,0) -> 0 | BH1614: =AF1614+AG1614+AH1614 -> 6 | BI1614: =IF(H1614=0,"",BH1614/H1614) -> 0.037974684 | BJ1614: =IF(AP1614="","",AP1614+AN1614) -> 18
A1615: 11350 | B1615: 서울특별시 | C1615: 노원구 | D1615: 2023 | E1615: 12993 | F1615: 2000 | G1615: 2091 | H1615: 282 | I1615: 9745 | J1615: 7013 | K1615: 25 | L1615: 21.703994 | M1615: 1.924113 | N1615: 0.7196511 | O1615: 0.75001924 | P1615: 0.16093281 | Q1615: -0.24494421 | R1615: -0.071492007 | S1615: -4 | T1615: -0.078431373 | U1615: -0.064240446 | V1615: 0 | AB1615: 예측(라벨 없음) | AC1615: 91 | AD1615: 34 | AE1615: 146 | AF1615: 8 | AG1615: 3 | AH1615: 0 | AI1615: 0.32269504 | AJ1615: 0.12056738 | AK1615: 0.5177305 | AL1615: 0.028368794 | AM1615: 0.010638298 | AN1615: 20 | AO1615: 0.066225166 | AP1615: 29 | AQ1615: 4 | AR1615: 0.088685015 | AS1615: 0.012232416 | AT1615: =SUMIFS(시도_소아과개폐업!$C$5:$C$293,시도_소아과개폐업!$A$5:$A$293,$D1615,시도_소아과개폐업!$B$5:$B$293,$B1615) -> 88 | AU1615: =SUMIFS(시도_소아과개폐업!$D$5:$D$293,시도_소아과개폐업!$A$5:$A$293,$D1615,시도_소아과개폐업!$B$5:$B$293,$B1615) -> 66 | AV1615: =SUMIFS(시도_소아과개폐업!$F$5:$F$293,시도_소아과개폐업!$A$5:$A$293,$D1615,시도_소아과개폐업!$B$5:$B$293,$B1615) -> 22 | AW1615: =SUMIFS(시도_소아과개폐업!$G$5:$G$293,시도_소아과개폐업!$A$5:$A$293,$D1615,시도_소아과개폐업!$B$5:$B$293,$B1615) -> 0.14473684 | AX1615: =SUMIFS(시도_소아과개폐업!$H$5:$H$293,시도_소아과개폐업!$A$5:$A$293,$D1615,시도_소아과개폐업!$B$5:$B$293,$B1615) -> 239 | AY1615: =SUMIFS(시군구_병원급!$E$5:$E$3668,시군구_병원급!$A$5:$A$3668,$A1615,시군구_병원급!$D$5:$D$3668,$D1615) -> 6 | AZ1615: =SUMIFS(시군구_병원급!$F$5:$F$3668,시군구_병원급!$A$5:$A$3668,$A1615,시군구_병원급!$D$5:$D$3668,$D1615) -> 3 | BA1615: =SUMIFS(시군구_병원급!$G$5:$G$3668,시군구_병원급!$A$5:$A$3668,$A1615,시군구_병원급!$D$5:$D$3668,$D1615) -> 8 | BB1615: =SUMIFS(시군구_병원급!$H$5:$H$3668,시군구_병원급!$A$5:$A$3668,$A1615,시군구_병원급!$D$5:$D$3668,$D1615) -> 21 | BC1615: =K1615+AY1615 -> 31 | BD1615: =IF(E1615=0,"",(K1615+AY1615)/E1615*1000) -> 2.3859001 | BE1615: =AY1615-SUMIFS(시군구_병원급!$E$5:$E$3668,시군구_병원급!$A$5:$A$3668,$A1615,시군구_병원급!$D$5:$D$3668,$D1615-3) -> 0 | BF1615: =IF(AY1615=0,1,0) -> 0 | BG1615: =IF(K1615+AY1615=0,1,0) -> 0 | BH1615: =AF1615+AG1615+AH1615 -> 11 | BI1615: =IF(H1615=0,"",BH1615/H1615) -> 0.039007092 | BJ1615: =IF(AP1615="","",AP1615+AN1615) -> 49
A1616: 11380 | B1616: 서울특별시 | C1616: 은평구 | D1616: 2023 | E1616: 12534 | F1616: 1740 | G1616: 1748 | H1616: 200 | I1616: 10410 | J1616: 7973 | K1616: 22 | L1616: 15.956598 | M1616: 1.7552258 | N1616: 0.76589817 | O1616: 0.83054093 | P1616: 0.13946067 | Q1616: -0.22591403 | R1616: -0.18470149 | S1616: 0 | T1616: -0.078341014 | U1616: -0.10972377 | V1616: 0 | AB1616: 예측(라벨 없음) | AC1616: 94 | AD1616: 65 | AE1616: 30 | AF1616: 4 | AG1616: 6 | AH1616: 1 | AI1616: 0.47 | AJ1616: 0.325 | AK1616: 0.15 | AL1616: 0.02 | AM1616: 0.03 | AN1616: 5 | AO1616: 0.024390244 | AP1616: 20 | AQ1616: 7 | AR1616: 0.091743119 | AS1616: 0.032110092 | AT1616: =SUMIFS(시도_소아과개폐업!$C$5:$C$293,시도_소아과개폐업!$A$5:$A$293,$D1616,시도_소아과개폐업!$B$5:$B$293,$B1616) -> 88 | AU1616: =SUMIFS(시도_소아과개폐업!$D$5:$D$293,시도_소아과개폐업!$A$5:$A$293,$D1616,시도_소아과개폐업!$B$5:$B$293,$B1616) -> 66 | AV1616: =SUMIFS(시도_소아과개폐업!$F$5:$F$293,시도_소아과개폐업!$A$5:$A$293,$D1616,시도_소아과개폐업!$B$5:$B$293,$B1616) -> 22 | AW1616: =SUMIFS(시도_소아과개폐업!$G$5:$G$293,시도_소아과개폐업!$A$5:$A$293,$D1616,시도_소아과개폐업!$B$5:$B$293,$B1616) -> 0.14473684 | AX1616: =SUMIFS(시도_소아과개폐업!$H$5:$H$293,시도_소아과개폐업!$A$5:$A$293,$D1616,시도_소아과개폐업!$B$5:$B$293,$B1616) -> 239 | AY1616: =SUMIFS(시군구_병원급!$E$5:$E$3668,시군구_병원급!$A$5:$A$3668,$A1616,시군구_병원급!$D$5:$D$3668,$D1616) -> 7 | AZ1616: =SUMIFS(시군구_병원급!$F$5:$F$3668,시군구_병원급!$A$5:$A$3668,$A1616,시군구_병원급!$D$5:$D$3668,$D1616) -> 2 | BA1616: =SUMIFS(시군구_병원급!$G$5:$G$3668,시군구_병원급!$A$5:$A$3668,$A1616,시군구_병원급!$D$5:$D$3668,$D1616) -> 12 | BB1616: =SUMIFS(시군구_병원급!$H$5:$H$3668,시군구_병원급!$A$5:$A$3668,$A1616,시군구_병원급!$D$5:$D$3668,$D1616) -> 21 | BC1616: =K1616+AY1616 -> 29 | BD1616: =IF(E1616=0,"",(K1616+AY1616)/E1616*1000) -> 2.3137067 | BE1616: =AY1616-SUMIFS(시군구_병원급!$E$5:$E$3668,시군구_병원급!$A$5:$A$3668,$A1616,시군구_병원급!$D$5:$D$3668,$D1616-3) -> -1 | BF1616: =IF(AY1616=0,1,0) -> 0 | BG1616: =IF(K1616+AY1616=0,1,0) -> 0 | BH1616: =AF1616+AG1616+AH1616 -> 11 | BI1616: =IF(H1616=0,"",BH1616/H1616) -> 0.055 | BJ1616: =IF(AP1616="","",AP1616+AN1616) -> 25
... A2291: 52800 | B2291: 전북특별자치도 | C2291: 부안군 | D2291: 2025 | E2291: 813 | F2291: 127 | G2291: 131 | H2291: 17 | I2291: 756 | J2291: 518 | K2291: 1 | L2291: 20.910209 | M2291: 1.2300123 | N2291: 0.68518519 | O2291: 0.9298893 | P2291: 0.16113161 | Q2291: -0.22275335 | R2291: -0.050724638 | S2291: 0 | T2291: 0 | U2291: -0.10743802 | V2291: 0 | AB2291: 예측(라벨 없음) | AC2291: 5 | AD2291: 6 | AE2291: 3 | AF2291: 1 | AG2291: 2 | AH2291: 0 | AI2291: 0.29411765 | AJ2291: 0.35294118 | AK2291: 0.17647059 | AL2291: 0.058823529 | AM2291: 0.11764706 | AN2291: 1 | AO2291: 0.055555556 | AP2291: 2 | AQ2291: 1 | AR2291: 0.10526316 | AS2291: 0.052631579 | AT2291: =SUMIFS(시도_소아과개폐업!$C$5:$C$293,시도_소아과개폐업!$A$5:$A$293,$D2291,시도_소아과개폐업!$B$5:$B$293,$B2291) -> 7 | AU2291: =SUMIFS(시도_소아과개폐업!$D$5:$D$293,시도_소아과개폐업!$A$5:$A$293,$D2291,시도_소아과개폐업!$B$5:$B$293,$B2291) -> 11 | AV2291: =SUMIFS(시도_소아과개폐업!$F$5:$F$293,시도_소아과개폐업!$A$5:$A$293,$D2291,시도_소아과개폐업!$B$5:$B$293,$B2291) -> -4 | AW2291: =SUMIFS(시도_소아과개폐업!$G$5:$G$293,시도_소아과개폐업!$A$5:$A$293,$D2291,시도_소아과개폐업!$B$5:$B$293,$B2291) -> 0.16666667 | AX2291: =SUMIFS(시도_소아과개폐업!$H$5:$H$293,시도_소아과개폐업!$A$5:$A$293,$D2291,시도_소아과개폐업!$B$5:$B$293,$B2291) -> 32 | AY2291: =SUMIFS(시군구_병원급!$E$5:$E$3668,시군구_병원급!$A$5:$A$3668,$A2291,시군구_병원급!$D$5:$D$3668,$D2291) -> 0 | AZ2291: =SUMIFS(시군구_병원급!$F$5:$F$3668,시군구_병원급!$A$5:$A$3668,$A2291,시군구_병원급!$D$5:$D$3668,$D2291) -> 1 | BA2291: =SUMIFS(시군구_병원급!$G$5:$G$3668,시군구_병원급!$A$5:$A$3668,$A2291,시군구_병원급!$D$5:$D$3668,$D2291) -> 4 | BB2291: =SUMIFS(시군구_병원급!$H$5:$H$3668,시군구_병원급!$A$5:$A$3668,$A2291,시군구_병원급!$D$5:$D$3668,$D2291) -> 7 | BC2291: =K2291+AY2291 -> 1 | BD2291: =IF(E2291=0,"",(K2291+AY2291)/E2291*1000) -> 1.2300123 | BE2291: =AY2291-SUMIFS(시군구_병원급!$E$5:$E$3668,시군구_병원급!$A$5:$A$3668,$A2291,시군구_병원급!$D$5:$D$3668,$D2291-3) -> 0 | BF2291: =IF(AY2291=0,1,0) -> 1 | BG2291: =IF(K2291+AY2291=0,1,0) -> 0 | BH2291: =AF2291+AG2291+AH2291 -> 3 | BI2291: =IF(H2291=0,"",BH2291/H2291) -> 0.17647059 | BJ2291: =IF(AP2291="","",AP2291+AN2291) -> 3

Sheet 라벨정의
A1: 항목 | B1: 정의
A2: 예측 구조 | B2: t년 자료(설명변수)로 t+3년의 공백 위험(라벨)을 예측. t=2016~2022는 라벨 있음, 2023~2025는 라벨 없이 예측 대상(→2026~2028 위험)
A3: 어린이집 위험 | B3: t→t+3년 어린이집 수 감소율이 그 해 229개 시군구 중 하위 20%(가장 많이 감소한 46곳). 실제 기준선은 -17%~-23%. 해마다 비율을 고정해 기간별 기준율 차이로 인한 왜곡을 막음
A4: 소아과 위험 | B4: t+3년 소아청소년과 의원 수가 t년보다 줄었고, t+3년 0~5세 1천명당 의원 수가 그 해 전국 시군구 중앙값 미만
A5: 공백 위험(최종) | B5: 어린이집 위험 또는 소아과 위험 (메인 라벨, 연도별 23~28%)
A6: 고위험(둘 다) | B6: 둘 다 해당. 연도별 2~9곳뿐이라 학습 라벨이 아닌 결과 지도 강조용
A7: 소아과 0곳(현재 공백) | B7: t년에 이미 의원 0곳(2025년 58곳). 새로 0곳이 되는 지역은 연 2~3곳이라 라벨로 쓰지 않고 설명변수·지도 표시용으로 둠
A8: 쓰지 않은 기준 | B8: 정원 부족(0~5세 대비 정원): 2016 0.68→2025 0.89로 오히려 개선, 실제 문제는 폐원에 따른 접근성 저하라 제외
A9: 용도 구분 | B9: 학습 2016~2020 / 검증 2021~2022 / 예측 2023~2025. 성능 평가 시에는 그 시점에 알 수 있는 라벨만 써야 함(예: 2022 평가 시 학습은 t≤2019)
A10: 결측 | B10: 2016년 어린이집 1년 변화율은 2015 자료가 없어 비어 있음
A12: v3 추가 열(시도 소아과) | B12: 시도 소아과 개업·폐업·순증·폐업률·3년 누적 폐업 (t년, 시도 단위 값을 소속 시군구에 동일 부여). 시도_소아과개폐업 시트 SUMIFS 참조
A13: 주의 | B13: 시도 소아과 변수는 같은 시도 시군구끼리 값이 같아 시군구 간 구분력은 없음. 시도 추세 통제용
... A15: v3 추가 열(유형·폐원) | B15: 기타 수 = 직장+법인+협동, 기타 비율 = 기타÷어린이집 수, 폐원+휴지 수 = 1년 폐원 수 + 12월 말 휴지 수(2016은 폐원 자료 없어 빈칸). 휴지 수는 연말 재고라 그해 새로 휴지된 수와 다를 수 있음

Sheet 1단계_검증
A1: 1단계 추가변수 — 전국 합계 검증 (노란 머리글 열 = 이번에 추가)
A2: 파란 글씨 = KOSIS 보육통계 전국 어린이집 수(직접 입력), 검정 = 데이터셋 시트에서 계산하는 수식
A4: 연도 | B4: KOSIS 어린이집 수 | C4: 유형별 합(국공립+민간+가정+직장+법인+협동) | D4: 차이 | E4: 기존 어린이집 수 열 합 | F4: 국공립 | G4: 민간 | H4: 가정 | I4: 직장 | J4: 법인 | K4: 협동 | L4: 휴지 | M4: 1년 폐원 | N4: 1년 신규 | O4: 신규−폐원 | P4: 어린이집 수 전년 대비 증감
A5: 2016 | B5: 41084 | C5: =SUMIFS(데이터셋!$AC$2:$AC$2291,데이터셋!$D$2:$D$2291,$A5)+SUMIFS(데이터셋!$AD$2:$AD$2291,데이터셋!$D$2:$D$2291,$A5)+SUMIFS(데이터셋!$AE$2:$AE$2291,데이터셋!$D$2:$D$2291,$A5)+SUMIFS(데이터셋!$AF$2:$AF$2291,데이터셋!$D$2:$D$2291,$A5)+SUMIFS(데이터셋!$AG$2:$AG$2291,데이터셋!$D$2:$D$2291,$A5)+SUMIFS(데이터셋!$AH$2:$AH$2291,데이터셋!$D$2:$D$2291,$A5) -> 41084 | D5: =C5-B5 -> 0 | E5: =SUMIFS(데이터셋!$H$2:$H$2291,데이터셋!$D$2:$D$2291,$A5) -> 41084 | F5: =SUMIFS(데이터셋!$AC$2:$AC$2291,데이터셋!$D$2:$D$2291,$A5) -> 2859 | G5: =SUMIFS(데이터셋!$AD$2:$AD$2291,데이터셋!$D$2:$D$2291,$A5) -> 14316 | H5: =SUMIFS(데이터셋!$AE$2:$AE$2291,데이터셋!$D$2:$D$2291,$A5) -> 20598 | I5: =SUMIFS(데이터셋!$AF$2:$AF$2291,데이터셋!$D$2:$D$2291,$A5) -> 948 | J5: =SUMIFS(데이터셋!$AG$2:$AG$2291,데이터셋!$D$2:$D$2291,$A5) -> 2206 | K5: =SUMIFS(데이터셋!$AH$2:$AH$2291,데이터셋!$D$2:$D$2291,$A5) -> 157 | L5: =SUMIFS(데이터셋!$AN$2:$AN$2291,데이터셋!$D$2:$D$2291,$A5) -> 1052 | M5: 자료 없음 | N5: 자료 없음
A6: 2017 | B6: 40238 | C6: =SUMIFS(데이터셋!$AC$2:$AC$2291,데이터셋!$D$2:$D$2291,$A6)+SUMIFS(데이터셋!$AD$2:$AD$2291,데이터셋!$D$2:$D$2291,$A6)+SUMIFS(데이터셋!$AE$2:$AE$2291,데이터셋!$D$2:$D$2291,$A6)+SUMIFS(데이터셋!$AF$2:$AF$2291,데이터셋!$D$2:$D$2291,$A6)+SUMIFS(데이터셋!$AG$2:$AG$2291,데이터셋!$D$2:$D$2291,$A6)+SUMIFS(데이터셋!$AH$2:$AH$2291,데이터셋!$D$2:$D$2291,$A6) -> 40238 | D6: =C6-B6 -> 0 | E6: =SUMIFS(데이터셋!$H$2:$H$2291,데이터셋!$D$2:$D$2291,$A6) -> 40238 | F6: =SUMIFS(데이터셋!$AC$2:$AC$2291,데이터셋!$D$2:$D$2291,$A6) -> 3157 | G6: =SUMIFS(데이터셋!$AD$2:$AD$2291,데이터셋!$D$2:$D$2291,$A6) -> 14045 | H6: =SUMIFS(데이터셋!$AE$2:$AE$2291,데이터셋!$D$2:$D$2291,$A6) -> 19656 | I6: =SUMIFS(데이터셋!$AF$2:$AF$2291,데이터셋!$D$2:$D$2291,$A6) -> 1053 | J6: =SUMIFS(데이터셋!$AG$2:$AG$2291,데이터셋!$D$2:$D$2291,$A6) -> 2163 | K6: =SUMIFS(데이터셋!$AH$2:$AH$2291,데이터셋!$D$2:$D$2291,$A6) -> 164 | L6: =SUMIFS(데이터셋!$AN$2:$AN$2291,데이터셋!$D$2:$D$2291,$A6) -> 969 | M6: =SUMIFS(데이터셋!$AP$2:$AP$2291,데이터셋!$D$2:$D$2291,$A6) -> 2460 | N6: =SUMIFS(데이터셋!$AQ$2:$AQ$2291,데이터셋!$D$2:$D$2291,$A6) -> 1537 | O6: =N6-M6 -> -923 | P6: =E6-E5 -> -846
A7: 2018 | B7: 39171 | C7: =SUMIFS(데이터셋!$AC$2:$AC$2291,데이터셋!$D$2:$D$2291,$A7)+SUMIFS(데이터셋!$AD$2:$AD$2291,데이터셋!$D$2:$D$2291,$A7)+SUMIFS(데이터셋!$AE$2:$AE$2291,데이터셋!$D$2:$D$2291,$A7)+SUMIFS(데이터셋!$AF$2:$AF$2291,데이터셋!$D$2:$D$2291,$A7)+SUMIFS(데이터셋!$AG$2:$AG$2291,데이터셋!$D$2:$D$2291,$A7)+SUMIFS(데이터셋!$AH$2:$AH$2291,데이터셋!$D$2:$D$2291,$A7) -> 39171 | D7: =C7-B7 -> 0 | E7: =SUMIFS(데이터셋!$H$2:$H$2291,데이터셋!$D$2:$D$2291,$A7) -> 39171 | F7: =SUMIFS(데이터셋!$AC$2:$AC$2291,데이터셋!$D$2:$D$2291,$A7) -> 3602 | G7: =SUMIFS(데이터셋!$AD$2:$AD$2291,데이터셋!$D$2:$D$2291,$A7) -> 13518 | H7: =SUMIFS(데이터셋!$AE$2:$AE$2291,데이터셋!$D$2:$D$2291,$A7) -> 18651 | I7: =SUMIFS(데이터셋!$AF$2:$AF$2291,데이터셋!$D$2:$D$2291,$A7) -> 1111 | J7: =SUMIFS(데이터셋!$AG$2:$AG$2291,데이터셋!$D$2:$D$2291,$A7) -> 2125 | K7: =SUMIFS(데이터셋!$AH$2:$AH$2291,데이터셋!$D$2:$D$2291,$A7) -> 164 | L7: =SUMIFS(데이터셋!$AN$2:$AN$2291,데이터셋!$D$2:$D$2291,$A7) -> 941 | M7: =SUMIFS(데이터셋!$AP$2:$AP$2291,데이터셋!$D$2:$D$2291,$A7) -> 2740 | N7: =SUMIFS(데이터셋!$AQ$2:$AQ$2291,데이터셋!$D$2:$D$2291,$A7) -> 1655 | O7: =N7-M7 -> -1085 | P7: =E7-E6 -> -1067
A8: 2019 | B8: 37371 | C8: =SUMIFS(데이터셋!$AC$2:$AC$2291,데이터셋!$D$2:$D$2291,$A8)+SUMIFS(데이터셋!$AD$2:$AD$2291,데이터셋!$D$2:$D$2291,$A8)+SUMIFS(데이터셋!$AE$2:$AE$2291,데이터셋!$D$2:$D$2291,$A8)+SUMIFS(데이터셋!$AF$2:$AF$2291,데이터셋!$D$2:$D$2291,$A8)+SUMIFS(데이터셋!$AG$2:$AG$2291,데이터셋!$D$2:$D$2291,$A8)+SUMIFS(데이터셋!$AH$2:$AH$2291,데이터셋!$D$2:$D$2291,$A8) -> 37371 | D8: =C8-B8 -> 0 | E8: =SUMIFS(데이터셋!$H$2:$H$2291,데이터셋!$D$2:$D$2291,$A8) -> 37371 | F8: =SUMIFS(데이터셋!$AC$2:$AC$2291,데이터셋!$D$2:$D$2291,$A8) -> 4324 | G8: =SUMIFS(데이터셋!$AD$2:$AD$2291,데이터셋!$D$2:$D$2291,$A8) -> 12568 | H8: =SUMIFS(데이터셋!$AE$2:$AE$2291,데이터셋!$D$2:$D$2291,$A8) -> 17117 | I8: =SUMIFS(데이터셋!$AF$2:$AF$2291,데이터셋!$D$2:$D$2291,$A8) -> 1153 | J8: =SUMIFS(데이터셋!$AG$2:$AG$2291,데이터셋!$D$2:$D$2291,$A8) -> 2050 | K8: =SUMIFS(데이터셋!$AH$2:$AH$2291,데이터셋!$D$2:$D$2291,$A8) -> 159 | L8: =SUMIFS(데이터셋!$AN$2:$AN$2291,데이터셋!$D$2:$D$2291,$A8) -> 872 | M8: =SUMIFS(데이터셋!$AP$2:$AP$2291,데이터셋!$D$2:$D$2291,$A8) -> 3508 | N8: =SUMIFS(데이터셋!$AQ$2:$AQ$2291,데이터셋!$D$2:$D$2291,$A8) -> 1649 | O8: =N8-M8 -> -1859 | P8: =E8-E7 -> -1800
A9: 2020 | B9: 35352 | C9: =SUMIFS(데이터셋!$AC$2:$AC$2291,데이터셋!$D$2:$D$2291,$A9)+SUMIFS(데이터셋!$AD$2:$AD$2291,데이터셋!$D$2:$D$2291,$A9)+SUMIFS(데이터셋!$AE$2:$AE$2291,데이터셋!$D$2:$D$2291,$A9)+SUMIFS(데이터셋!$AF$2:$AF$2291,데이터셋!$D$2:$D$2291,$A9)+SUMIFS(데이터셋!$AG$2:$AG$2291,데이터셋!$D$2:$D$2291,$A9)+SUMIFS(데이터셋!$AH$2:$AH$2291,데이터셋!$D$2:$D$2291,$A9) -> 35352 | D9: =C9-B9 -> 0 | E9: =SUMIFS(데이터셋!$H$2:$H$2291,데이터셋!$D$2:$D$2291,$A9) -> 35352 | F9: =SUMIFS(데이터셋!$AC$2:$AC$2291,데이터셋!$D$2:$D$2291,$A9) -> 4958 | G9: =SUMIFS(데이터셋!$AD$2:$AD$2291,데이터셋!$D$2:$D$2291,$A9) -> 11510 | H9: =SUMIFS(데이터셋!$AE$2:$AE$2291,데이터셋!$D$2:$D$2291,$A9) -> 15529 | I9: =SUMIFS(데이터셋!$AF$2:$AF$2291,데이터셋!$D$2:$D$2291,$A9) -> 1216 | J9: =SUMIFS(데이터셋!$AG$2:$AG$2291,데이터셋!$D$2:$D$2291,$A9) -> 1987 | K9: =SUMIFS(데이터셋!$AH$2:$AH$2291,데이터셋!$D$2:$D$2291,$A9) -> 152 | L9: =SUMIFS(데이터셋!$AN$2:$AN$2291,데이터셋!$D$2:$D$2291,$A9) -> 708 | M9: =SUMIFS(데이터셋!$AP$2:$AP$2291,데이터셋!$D$2:$D$2291,$A9) -> 3556 | N9: =SUMIFS(데이터셋!$AQ$2:$AQ$2291,데이터셋!$D$2:$D$2291,$A9) -> 1385 | O9: =N9-M9 -> -2171 | P9: =E9-E8 -> -2019
A10: 2021 | B10: 33246 | C10: =SUMIFS(데이터셋!$AC$2:$AC$2291,데이터셋!$D$2:$D$2291,$A10)+SUMIFS(데이터셋!$AD$2:$AD$2291,데이터셋!$D$2:$D$2291,$A10)+SUMIFS(데이터셋!$AE$2:$AE$2291,데이터셋!$D$2:$D$2291,$A10)+SUMIFS(데이터셋!$AF$2:$AF$2291,데이터셋!$D$2:$D$2291,$A10)+SUMIFS(데이터셋!$AG$2:$AG$2291,데이터셋!$D$2:$D$2291,$A10)+SUMIFS(데이터셋!$AH$2:$AH$2291,데이터셋!$D$2:$D$2291,$A10) -> 33246 | D10: =C10-B10 -> 0 | E10: =SUMIFS(데이터셋!$H$2:$H$2291,데이터셋!$D$2:$D$2291,$A10) -> 33246 | F10: =SUMIFS(데이터셋!$AC$2:$AC$2291,데이터셋!$D$2:$D$2291,$A10) -> 5437 | G10: =SUMIFS(데이터셋!$AD$2:$AD$2291,데이터셋!$D$2:$D$2291,$A10) -> 10603 | H10: =SUMIFS(데이터셋!$AE$2:$AE$2291,데이터셋!$D$2:$D$2291,$A10) -> 13891 | I10: =SUMIFS(데이터셋!$AF$2:$AF$2291,데이터셋!$D$2:$D$2291,$A10) -> 1248 | J10: =SUMIFS(데이터셋!$AG$2:$AG$2291,데이터셋!$D$2:$D$2291,$A10) -> 1925 | K10: =SUMIFS(데이터셋!$AH$2:$AH$2291,데이터셋!$D$2:$D$2291,$A10) -> 142 | L10: =SUMIFS(데이터셋!$AN$2:$AN$2291,데이터셋!$D$2:$D$2291,$A10) -> 702 | M10: =SUMIFS(데이터셋!$AP$2:$AP$2291,데이터셋!$D$2:$D$2291,$A10) -> 3045 | N10: =SUMIFS(데이터셋!$AQ$2:$AQ$2291,데이터셋!$D$2:$D$2291,$A10) -> 946 | O10: =N10-M10 -> -2099 | P10: =E10-E9 -> -2106
A11: 2022 | B11: 30923 | C11: =SUMIFS(데이터셋!$AC$2:$AC$2291,데이터셋!$D$2:$D$2291,$A11)+SUMIFS(데이터셋!$AD$2:$AD$2291,데이터셋!$D$2:$D$2291,$A11)+SUMIFS(데이터셋!$AE$2:$AE$2291,데이터셋!$D$2:$D$2291,$A11)+SUMIFS(데이터셋!$AF$2:$AF$2291,데이터셋!$D$2:$D$2291,$A11)+SUMIFS(데이터셋!$AG$2:$AG$2291,데이터셋!$D$2:$D$2291,$A11)+SUMIFS(데이터셋!$AH$2:$AH$2291,데이터셋!$D$2:$D$2291,$A11) -> 30923 | D11: =C11-B11 -> 0 | E11: =SUMIFS(데이터셋!$H$2:$H$2291,데이터셋!$D$2:$D$2291,$A11) -> 30923 | F11: =SUMIFS(데이터셋!$AC$2:$AC$2291,데이터셋!$D$2:$D$2291,$A11) -> 5801 | G11: =SUMIFS(데이터셋!$AD$2:$AD$2291,데이터셋!$D$2:$D$2291,$A11) -> 9726 | H11: =SUMIFS(데이터셋!$AE$2:$AE$2291,데이터셋!$D$2:$D$2291,$A11) -> 12109 | I11: =SUMIFS(데이터셋!$AF$2:$AF$2291,데이터셋!$D$2:$D$2291,$A11) -> 1291 | J11: =SUMIFS(데이터셋!$AG$2:$AG$2291,데이터셋!$D$2:$D$2291,$A11) -> 1864 | K11: =SUMIFS(데이터셋!$AH$2:$AH$2291,데이터셋!$D$2:$D$2291,$A11) -> 132 | L11: =SUMIFS(데이터셋!$AN$2:$AN$2291,데이터셋!$D$2:$D$2291,$A11) -> 676 | M11: =SUMIFS(데이터셋!$AP$2:$AP$2291,데이터셋!$D$2:$D$2291,$A11) -> 3131 | N11: =SUMIFS(데이터셋!$AQ$2:$AQ$2291,데이터셋!$D$2:$D$2291,$A11) -> 789 | O11: =N11-M11 -> -2342 | P11: =E11-E10 -> -2323
A12: 2023 | B12: 28954 | C12: =SUMIFS(데이터셋!$AC$2:$AC$2291,데이터셋!$D$2:$D$2291,$A12)+SUMIFS(데이터셋!$AD$2:$AD$2291,데이터셋!$D$2:$D$2291,$A12)+SUMIFS(데이터셋!$AE$2:$AE$2291,데이터셋!$D$2:$D$2291,$A12)+SUMIFS(데이터셋!$AF$2:$AF$2291,데이터셋!$D$2:$D$2291,$A12)+SUMIFS(데이터셋!$AG$2:$AG$2291,데이터셋!$D$2:$D$2291,$A12)+SUMIFS(데이터셋!$AH$2:$AH$2291,데이터셋!$D$2:$D$2291,$A12) -> 28954 | D12: =C12-B12 -> 0 | E12: =SUMIFS(데이터셋!$H$2:$H$2291,데이터셋!$D$2:$D$2291,$A12) -> 28954 | F12: =SUMIFS(데이터셋!$AC$2:$AC$2291,데이터셋!$D$2:$D$2291,$A12) -> 6187 | G12: =SUMIFS(데이터셋!$AD$2:$AD$2291,데이터셋!$D$2:$D$2291,$A12) -> 8886 | H12: =SUMIFS(데이터셋!$AE$2:$AE$2291,데이터셋!$D$2:$D$2291,$A12) -> 10692 | I12: =SUMIFS(데이터셋!$AF$2:$AF$2291,데이터셋!$D$2:$D$2291,$A12) -> 1308 | J12: =SUMIFS(데이터셋!$AG$2:$AG$2291,데이터셋!$D$2:$D$2291,$A12) -> 1757 | K12: =SUMIFS(데이터셋!$AH$2:$AH$2291,데이터셋!$D$2:$D$2291,$A12) -> 124 | L12: =SUMIFS(데이터셋!$AN$2:$AN$2291,데이터셋!$D$2:$D$2291,$A12) -> 635 | M12: =SUMIFS(데이터셋!$AP$2:$AP$2291,데이터셋!$D$2:$D$2291,$A12) -> 2821 | N12: =SUMIFS(데이터셋!$AQ$2:$AQ$2291,데이터셋!$D$2:$D$2291,$A12) -> 814 | O12: =N12-M12 -> -2007 | P12: =E12-E11 -> -1969
A13: 2024 | B13: 27387 | C13: =SUMIFS(데이터셋!$AC$2:$AC$2291,데이터셋!$D$2:$D$2291,$A13)+SUMIFS(데이터셋!$AD$2:$AD$2291,데이터셋!$D$2:$D$2291,$A13)+SUMIFS(데이터셋!$AE$2:$AE$2291,데이터셋!$D$2:$D$2291,$A13)+SUMIFS(데이터셋!$AF$2:$AF$2291,데이터셋!$D$2:$D$2291,$A13)+SUMIFS(데이터셋!$AG$2:$AG$2291,데이터셋!$D$2:$D$2291,$A13)+SUMIFS(데이터셋!$AH$2:$AH$2291,데이터셋!$D$2:$D$2291,$A13) -> 27387 | D13: =C13-B13 -> 0 | E13: =SUMIFS(데이터셋!$H$2:$H$2291,데이터셋!$D$2:$D$2291,$A13) -> 27387 | F13: =SUMIFS(데이터셋!$AC$2:$AC$2291,데이터셋!$D$2:$D$2291,$A13) -> 6521 | G13: =SUMIFS(데이터셋!$AD$2:$AD$2291,데이터셋!$D$2:$D$2291,$A13) -> 8181 | H13: =SUMIFS(데이터셋!$AE$2:$AE$2291,데이터셋!$D$2:$D$2291,$A13) -> 9586 | I13: =SUMIFS(데이터셋!$AF$2:$AF$2291,데이터셋!$D$2:$D$2291,$A13) -> 1305 | J13: =SUMIFS(데이터셋!$AG$2:$AG$2291,데이터셋!$D$2:$D$2291,$A13) -> 1678 | K13: =SUMIFS(데이터셋!$AH$2:$AH$2291,데이터셋!$D$2:$D$2291,$A13) -> 116 | L13: =SUMIFS(데이터셋!$AN$2:$AN$2291,데이터셋!$D$2:$D$2291,$A13) -> 585 | M13: =SUMIFS(데이터셋!$AP$2:$AP$2291,데이터셋!$D$2:$D$2291,$A13) -> 2329 | N13: =SUMIFS(데이터셋!$AQ$2:$AQ$2291,데이터셋!$D$2:$D$2291,$A13) -> 717 | O13: =N13-M13 -> -1612 | P13: =E13-E12 -> -1567
A14: 2025 | B14: 26064 | C14: =SUMIFS(데이터셋!$AC$2:$AC$2291,데이터셋!$D$2:$D$2291,$A14)+SUMIFS(데이터셋!$AD$2:$AD$2291,데이터셋!$D$2:$D$2291,$A14)+SUMIFS(데이터셋!$AE$2:$AE$2291,데이터셋!$D$2:$D$2291,$A14)+SUMIFS(데이터셋!$AF$2:$AF$2291,데이터셋!$D$2:$D$2291,$A14)+SUMIFS(데이터셋!$AG$2:$AG$2291,데이터셋!$D$2:$D$2291,$A14)+SUMIFS(데이터셋!$AH$2:$AH$2291,데이터셋!$D$2:$D$2291,$A14) -> 26064 | D14: =C14-B14 -> 0 | E14: =SUMIFS(데이터셋!$H$2:$H$2291,데이터셋!$D$2:$D$2291,$A14) -> 26064 | F14: =SUMIFS(데이터셋!$AC$2:$AC$2291,데이터셋!$D$2:$D$2291,$A14) -> 6745 | G14: =SUMIFS(데이터셋!$AD$2:$AD$2291,데이터셋!$D$2:$D$2291,$A14) -> 7653 | H14: =SUMIFS(데이터셋!$AE$2:$AE$2291,데이터셋!$D$2:$D$2291,$A14) -> 8664 | I14: =SUMIFS(데이터셋!$AF$2:$AF$2291,데이터셋!$D$2:$D$2291,$A14) -> 1293 | J14: =SUMIFS(데이터셋!$AG$2:$AG$2291,데이터셋!$D$2:$D$2291,$A14) -> 1596 | K14: =SUMIFS(데이터셋!$AH$2:$AH$2291,데이터셋!$D$2:$D$2291,$A14) -> 113 | L14: =SUMIFS(데이터셋!$AN$2:$AN$2291,데이터셋!$D$2:$D$2291,$A14) -> 493 | M14: =SUMIFS(데이터셋!$AP$2:$AP$2291,데이터셋!$D$2:$D$2291,$A14) -> 2054 | N14: =SUMIFS(데이터셋!$AQ$2:$AQ$2291,데이터셋!$D$2:$D$2291,$A14) -> 643 | O14: =N14-M14 -> -1411 | P14: =E14-E13 -> -1323
A16: KOSIS 출처: 보건복지부 「보육통계」 어린이집 현황(매년 12월 말), 전국 어린이집 수.
A17: 신규−폐원과 전년 대비 증감의 작은 차이는 휴지 시설 증감(목록에는 있으나 운영 수에서 빠짐)과 같은 이름 중복 시설 때문.

Sheet 추가변수정의
A1: 항목 | B1: 정의
A2: 출처 | B2: 어린이집정보공개포털 「어린이집 기본정보」 월별 시설 목록(매년 12월 말, 2016~2025). 시설 하나하나를 받아 시군구별로 집계
A3: 국공립·민간·가정·직장·협동 수 | B3: 12월 말 운영 중(정상·재개) 시설의 유형별 수. 법인 = 사회복지법인 + 법인·단체등
A4: ○○ 비율 | B4: 해당 유형 수 ÷ 운영 시설 수
A5: 휴지 수 / 휴지 비율 | B5: 12월 말 휴지(일시 운영중단) 상태 시설 수 / 휴지 ÷ (운영+휴지)
A6: 1년 폐원 수 | B6: 전년 12월 목록에 있었는데 올해 12월 목록에서 사라진 시설 수. 같은 시설 판정 = (어린이집명+인가일자) 또는 (주소+인가일자) 일치
A7: 1년 신규 수 | B7: 올해 12월 목록에 새로 나타난 시설 수(같은 판정 기준)
A8: 1년 폐원율 / 신규율 | B8: 폐원(신규) 수 ÷ 전년 12월 목록 시설 수(운영+휴지)
A9: 2016년 빈칸 | B9: 2015년 시설 목록이 없어(포털 제공은 2016년 9월부터) 폐원·신규 계열은 2016년이 비어 있음
A10: 한계 | B10: 폐원 수는 목록 비교로 만든 추정치. 이름과 주소가 동시에 바뀌면 폐원+신규로 잘못 잡힐 수 있음. 전국 기준 (폐원−신규)는 목록 순감소와 일치함
A11: v1_1 대비 | B11: v1_1의 "1년 증감/순감소" 3열은 기존 "어린이집 1년 변화율"과 같은 정보라 넣지 않음. 대신 실제 폐원 수와 신규 수를 따로 넣음

Sheet 성능비교
A1: 라벨 | B1: 모델 | C1: AUC v1 | D1: AUC v2 | E1: PR-AUC v1 | F1: PR-AUC v2 | G1: 상위k적중률 v1 | H1: 상위k적중률 v2
A2: 공백 위험(최종) | B2: GBM | C2: 0.72522075 | D2: 0.71607519 | E2: 0.47348109 | F2: 0.45319185 | G2: 0.43463191 | H2: 0.42966666
A3: 공백 위험(최종) | B3: 랜덤포레스트 | C3: 0.75294948 | D3: 0.76243335 | E3: 0.50233787 | F3: 0.49857005 | G3: 0.5113744 | H3: 0.45211299
A4: 공백 위험(최종) | B4: 로지스틱 | C4: 0.72131038 | D4: 0.74601722 | E4: 0.42004237 | F4: 0.45817948 | G4: 0.42195246 | H4: 0.42705658
A5: 소아과 위험 | B5: GBM | C5: 0.80656661 | D5: 0.79559514 | E5: 0.24342768 | F5: 0.18429898 | G5: 0.23945336 | H5: 0.17894633
A6: 소아과 위험 | B6: 랜덤포레스트 | C6: 0.79856297 | D6: 0.79141356 | E6: 0.22463362 | F6: 0.21193331 | G6: 0.18171915 | H6: 0.13180828
A7: 소아과 위험 | B7: 로지스틱 | C7: 0.80028516 | D7: 0.76907329 | E7: 0.24176344 | F7: 0.17563143 | G7: 0.22380669 | H7: 0.19241434
A8: 어린이집 위험 | B8: GBM | C8: 0.69804783 | D8: 0.72218262 | E8: 0.3541404 | F8: 0.40387726 | G8: 0.34057971 | H8: 0.39855072
A9: 어린이집 위험 | B9: 랜덤포레스트 | C9: 0.74091233 | D9: 0.76415617 | E9: 0.4312037 | F9: 0.44720084 | G9: 0.42028986 | H9: 0.42753623
A10: 어린이집 위험 | B10: 로지스틱 | C10: 0.73255722 | D10: 0.76003801 | E10: 0.38401747 | F10: 0.41141119 | G10: 0.41304348 | H10: 0.4057971
A12: v1 = 기존 변수만, v2 = 1단계 변수 추가. 평가: 2017→2020, 2018→2021, 2019→2022 (그 시점에 알 수 있는 라벨만 학습) 3회 평균.

Sheet 성능비교_연도별
A1: 라벨 | B1: 평가연도 | C1: 변수셋 | D1: 모델 | E1: AUC | F1: PR-AUC | G1: 상위k적중률 | H1: 기준율
A2: 공백 위험(최종) | B2: 2020 | C2: v1 | D2: 로지스틱 | E2: 0.73059084 | F2: 0.39876255 | G2: 0.43103448 | H2: 0.25327511
A3: 공백 위험(최종) | B3: 2020 | C3: v1 | D3: 랜덤포레스트 | E3: 0.76688849 | F3: 0.52548919 | G3: 0.51724138 | H3: 0.25327511
A4: 공백 위험(최종) | B4: 2020 | C4: v1 | D4: GBM | E4: 0.73442226 | F4: 0.47989552 | G4: 0.4137931 | H4: 0.25327511
A5: 공백 위험(최종) | B5: 2020 | C5: v2 | D5: 로지스틱 | E5: 0.78060093 | F5: 0.47896124 | G5: 0.48275862 | H5: 0.25327511
A6: 공백 위험(최종) | B6: 2020 | C6: v2 | D6: 랜덤포레스트 | E6: 0.7891712 | F6: 0.53856068 | G6: 0.5 | H6: 0.25327511
A7: 공백 위험(최종) | B7: 2020 | C7: v2 | D7: GBM | E7: 0.73442226 | F7: 0.52550538 | G7: 0.4137931 | H7: 0.25327511
A8: 공백 위험(최종) | B8: 2021 | C8: v1 | D8: 로지스틱 | E8: 0.73627787 | F8: 0.40288104 | G8: 0.39622642 | H8: 0.23144105
A9: 공백 위험(최종) | B9: 2021 | C9: v1 | D9: 랜덤포레스트 | E9: 0.7734777 | F9: 0.48254379 | G9: 0.49056604 | H9: 0.23144105
A10: 공백 위험(최종) | B10: 2021 | C10: v1 | D10: GBM | E10: 0.73091767 | F10: 0.41731388 | G10: 0.43396226 | H10: 0.23144105
A11: 공백 위험(최종) | B11: 2021 | C11: v2 | D11: 로지스틱 | E11: 0.74967839 | F11: 0.40580765 | G11: 0.37735849 | H11: 0.23144105
A12: 공백 위험(최종) | B12: 2021 | C12: v2 | D12: 랜덤포레스트 | E12: 0.77658662 | F12: 0.44985066 | G12: 0.45283019 | H12: 0.23144105
A13: 공백 위험(최종) | B13: 2021 | C13: v2 | D13: GBM | E13: 0.73724271 | F13: 0.40355474 | G13: 0.47169811 | H13: 0.23144105
... A55: 소아과 위험 | B55: 2022 | C55: v2 | D55: GBM | E55: 0.77552719 | F55: 0.16617935 | G55: 0.11764706 | H55: 0.074235808

Sheet 시도_소아과개폐업
A1: 시도×연도 소아청소년과 개업·폐업 (LOCALDATA 인허가, 사용자 제공 파일 「소아관련 의료기관 개폐업 2009-2025」)
A2: 파란 글씨=원자료, 검정=수식. 진료과목 키워드 집계라 일반·가정의학과 의원의 소아과 병기분이 포함됨 → 심평원 표시과목 기준 폐업(2017년 전국 125곳)의 약 3배. 절대값보다 시도·연도 간 상대 비교용.
A4: 연도 | B4: 시도 | C4: 소아청소년과 개업 | D4: 소아청소년과 폐업 | E4: 전년 말 소아과 의원 수(KOSIS, 패널 합) | F4: 순증(개업-폐업) | G4: 폐업률(폐업/전년 말 의원) | H4: 3년 누적 폐업(t-2~t)
A5: 2009 | B5: 서울특별시 | C5: 184 | D5: 92 | F5: =C5-D5 -> 92 | G5: =IF(OR(E5="",E5=0),"",D5/E5) | H5: =IF(A5<2011,"",SUMIFS($D$5:$D$400,$B$5:$B$400,B5,$A$5:$A$400,">="&(A5-2),$A$5:$A$400,"<="&A5))
A6: 2009 | B6: 부산광역시 | C6: 75 | D6: 51 | F6: =C6-D6 -> 24 | G6: =IF(OR(E6="",E6=0),"",D6/E6) | H6: =IF(A6<2011,"",SUMIFS($D$5:$D$400,$B$5:$B$400,B6,$A$5:$A$400,">="&(A6-2),$A$5:$A$400,"<="&A6))
A7: 2009 | B7: 대구광역시 | C7: 49 | D7: 28 | F7: =C7-D7 -> 21 | G7: =IF(OR(E7="",E7=0),"",D7/E7) | H7: =IF(A7<2011,"",SUMIFS($D$5:$D$400,$B$5:$B$400,B7,$A$5:$A$400,">="&(A7-2),$A$5:$A$400,"<="&A7))
A8: 2009 | B8: 인천광역시 | C8: 61 | D8: 38 | F8: =C8-D8 -> 23 | G8: =IF(OR(E8="",E8=0),"",D8/E8) | H8: =IF(A8<2011,"",SUMIFS($D$5:$D$400,$B$5:$B$400,B8,$A$5:$A$400,">="&(A8-2),$A$5:$A$400,"<="&A8))
A9: 2009 | B9: 광주광역시 | C9: 45 | D9: 26 | F9: =C9-D9 -> 19 | G9: =IF(OR(E9="",E9=0),"",D9/E9) | H9: =IF(A9<2011,"",SUMIFS($D$5:$D$400,$B$5:$B$400,B9,$A$5:$A$400,">="&(A9-2),$A$5:$A$400,"<="&A9))
A10: 2009 | B10: 대전광역시 | C10: 32 | D10: 24 | F10: =C10-D10 -> 8 | G10: =IF(OR(E10="",E10=0),"",D10/E10) | H10: =IF(A10<2011,"",SUMIFS($D$5:$D$400,$B$5:$B$400,B10,$A$5:$A$400,">="&(A10-2),$A$5:$A$400,"<="&A10))
A11: 2009 | B11: 울산광역시 | C11: 17 | D11: 5 | F11: =C11-D11 -> 12 | G11: =IF(OR(E11="",E11=0),"",D11/E11) | H11: =IF(A11<2011,"",SUMIFS($D$5:$D$400,$B$5:$B$400,B11,$A$5:$A$400,">="&(A11-2),$A$5:$A$400,"<="&A11))
A12: 2009 | B12: 세종특별자치시 | C12: 1 | D12: 1 | F12: =C12-D12 -> 0 | G12: =IF(OR(E12="",E12=0),"",D12/E12) | H12: =IF(A12<2011,"",SUMIFS($D$5:$D$400,$B$5:$B$400,B12,$A$5:$A$400,">="&(A12-2),$A$5:$A$400,"<="&A12))
A13: 2009 | B13: 경기도 | C13: 269 | D13: 160 | F13: =C13-D13 -> 109 | G13: =IF(OR(E13="",E13=0),"",D13/E13) | H13: =IF(A13<2011,"",SUMIFS($D$5:$D$400,$B$5:$B$400,B13,$A$5:$A$400,">="&(A13-2),$A$5:$A$400,"<="&A13))
A14: 2009 | B14: 충청북도 | C14: 20 | D14: 18 | F14: =C14-D14 -> 2 | G14: =IF(OR(E14="",E14=0),"",D14/E14) | H14: =IF(A14<2011,"",SUMIFS($D$5:$D$400,$B$5:$B$400,B14,$A$5:$A$400,">="&(A14-2),$A$5:$A$400,"<="&A14))
A15: 2009 | B15: 충청남도 | C15: 25 | D15: 29 | F15: =C15-D15 -> -4 | G15: =IF(OR(E15="",E15=0),"",D15/E15) | H15: =IF(A15<2011,"",SUMIFS($D$5:$D$400,$B$5:$B$400,B15,$A$5:$A$400,">="&(A15-2),$A$5:$A$400,"<="&A15))
A16: 2009 | B16: 전라남도 | C16: 65 | D16: 45 | F16: =C16-D16 -> 20 | G16: =IF(OR(E16="",E16=0),"",D16/E16) | H16: =IF(A16<2011,"",SUMIFS($D$5:$D$400,$B$5:$B$400,B16,$A$5:$A$400,">="&(A16-2),$A$5:$A$400,"<="&A16))
... A38: 2010 | B38: 전북특별자치도 | C38: 37 | D38: 16 | F38: =C38-D38 -> 21 | G38: =IF(OR(E38="",E38=0),"",D38/E38) | H38: =IF(A38<2011,"",SUMIFS($D$5:$D$400,$B$5:$B$400,B38,$A$5:$A$400,">="&(A38-2),$A$5:$A$400,"<="&A38))
A39: 2011 | B39: 서울특별시 | C39: 176 | D39: 143 | E39: 524 | F39: =C39-D39 -> 33 | G39: =IF(OR(E39="",E39=0),"",D39/E39) -> 0.27290076 | H39: =IF(A39<2011,"",SUMIFS($D$5:$D$400,$B$5:$B$400,B39,$A$5:$A$400,">="&(A39-2),$A$5:$A$400,"<="&A39)) -> 369
A40: 2011 | B40: 부산광역시 | C40: 80 | D40: 57 | E40: 165 | F40: =C40-D40 -> 23 | G40: =IF(OR(E40="",E40=0),"",D40/E40) -> 0.34545455 | H40: =IF(A40<2011,"",SUMIFS($D$5:$D$400,$B$5:$B$400,B40,$A$5:$A$400,">="&(A40-2),$A$5:$A$400,"<="&A40)) -> 159
A41: 2011 | B41: 대구광역시 | C41: 50 | D41: 26 | E41: 115 | F41: =C41-D41 -> 24 | G41: =IF(OR(E41="",E41=0),"",D41/E41) -> 0.22608696 | H41: =IF(A41<2011,"",SUMIFS($D$5:$D$400,$B$5:$B$400,B41,$A$5:$A$400,">="&(A41-2),$A$5:$A$400,"<="&A41)) -> 73
A42: 2011 | B42: 인천광역시 | C42: 61 | D42: 39 | E42: 119 | F42: =C42-D42 -> 22 | G42: =IF(OR(E42="",E42=0),"",D42/E42) -> 0.32773109 | H42: =IF(A42<2011,"",SUMIFS($D$5:$D$400,$B$5:$B$400,B42,$A$5:$A$400,">="&(A42-2),$A$5:$A$400,"<="&A42)) -> 127
A43: 2011 | B43: 광주광역시 | C43: 36 | D43: 35 | E43: 63 | F43: =C43-D43 -> 1 | G43: =IF(OR(E43="",E43=0),"",D43/E43) -> 0.55555556 | H43: =IF(A43<2011,"",SUMIFS($D$5:$D$400,$B$5:$B$400,B43,$A$5:$A$400,">="&(A43-2),$A$5:$A$400,"<="&A43)) -> 92
A44: 2011 | B44: 대전광역시 | C44: 14 | D44: 22 | E44: 72 | F44: =C44-D44 -> -8 | G44: =IF(OR(E44="",E44=0),"",D44/E44) -> 0.30555556 | H44: =IF(A44<2011,"",SUMIFS($D$5:$D$400,$B$5:$B$400,B44,$A$5:$A$400,">="&(A44-2),$A$5:$A$400,"<="&A44)) -> 65
A45: 2011 | B45: 울산광역시 | C45: 13 | D45: 8 | E45: 47 | F45: =C45-D45 -> 5 | G45: =IF(OR(E45="",E45=0),"",D45/E45) -> 0.17021277 | H45: =IF(A45<2011,"",SUMIFS($D$5:$D$400,$B$5:$B$400,B45,$A$5:$A$400,">="&(A45-2),$A$5:$A$400,"<="&A45)) -> 22
A46: 2011 | B46: 세종특별자치시 | C46: 1 | D46: 1 | E46: 3 | F46: =C46-D46 -> 0 | G46: =IF(OR(E46="",E46=0),"",D46/E46) -> 0.33333333 | H46: =IF(A46<2011,"",SUMIFS($D$5:$D$400,$B$5:$B$400,B46,$A$5:$A$400,">="&(A46-2),$A$5:$A$400,"<="&A46)) -> 4
A47: 2011 | B47: 경기도 | C47: 229 | D47: 155 | E47: 582 | F47: =C47-D47 -> 74 | G47: =IF(OR(E47="",E47=0),"",D47/E47) -> 0.26632302 | H47: =IF(A47<2011,"",SUMIFS($D$5:$D$400,$B$5:$B$400,B47,$A$5:$A$400,">="&(A47-2),$A$5:$A$400,"<="&A47)) -> 470
A48: 2011 | B48: 충청북도 | C48: 42 | D48: 32 | E48: 50 | F48: =C48-D48 -> 10 | G48: =IF(OR(E48="",E48=0),"",D48/E48) -> 0.64 | H48: =IF(A48<2011,"",SUMIFS($D$5:$D$400,$B$5:$B$400,B48,$A$5:$A$400,">="&(A48-2),$A$5:$A$400,"<="&A48)) -> 73
A49: 2011 | B49: 충청남도 | C49: 33 | D49: 24 | E49: 62 | F49: =C49-D49 -> 9 | G49: =IF(OR(E49="",E49=0),"",D49/E49) -> 0.38709677 | H49: =IF(A49<2011,"",SUMIFS($D$5:$D$400,$B$5:$B$400,B49,$A$5:$A$400,">="&(A49-2),$A$5:$A$400,"<="&A49)) -> 74
A50: 2011 | B50: 전라남도 | C50: 55 | D50: 55 | E50: 32 | F50: =C50-D50 -> 0 | G50: =IF(OR(E50="",E50=0),"",D50/E50) -> 1.71875 | H50: =IF(A50<2011,"",SUMIFS($D$5:$D$400,$B$5:$B$400,B50,$A$5:$A$400,">="&(A50-2),$A$5:$A$400,"<="&A50)) -> 140
... A293: 2025 | B293: 전북특별자치도 | C293: 7 | D293: 11 | E293: 66 | F293: =C293-D293 -> -4 | G293: =IF(OR(E293="",E293=0),"",D293/E293) -> 0.16666667 | H293: =IF(A293<2011,"",SUMIFS($D$5:$D$400,$B$5:$B$400,B293,$A$5:$A$400,">="&(A293-2),$A$5:$A$400,"<="&A293)) -> 32

Sheet 검증
A1: 전국·시도 합계 검증
A3: ① 전국 어린이집 수: 데이터셋 시군구 합 vs 보육통계(KOSIS) 공표값
A4: 연도 | B4: 데이터셋 합(수식) | C4: 보육통계 전국 공표값 | D4: 차이 | E4: 출처
A5: 2016 | B5: =SUMIFS(데이터셋!$H:$H,데이터셋!$D:$D,A5) -> 41084 | C5: 41084 | D5: =B5-C5 -> 0 | E5: 보건복지부 보육통계 12월말 (2016~18: 2018 보육통계·KICCE RR1901 / 2019~25: 세계일보·뉴시스 2026-08-05 인용 / 사용자 제공 시도별 어린이집 수 파일 전국 공표값과 동일)
A6: 2017 | B6: =SUMIFS(데이터셋!$H:$H,데이터셋!$D:$D,A6) -> 40238 | C6: 40238 | D6: =B6-C6 -> 0 | E6: 보건복지부 보육통계 12월말 (2016~18: 2018 보육통계·KICCE RR1901 / 2019~25: 세계일보·뉴시스 2026-08-05 인용 / 사용자 제공 시도별 어린이집 수 파일 전국 공표값과 동일)
A7: 2018 | B7: =SUMIFS(데이터셋!$H:$H,데이터셋!$D:$D,A7) -> 39171 | C7: 39171 | D7: =B7-C7 -> 0 | E7: 보건복지부 보육통계 12월말 (2016~18: 2018 보육통계·KICCE RR1901 / 2019~25: 세계일보·뉴시스 2026-08-05 인용 / 사용자 제공 시도별 어린이집 수 파일 전국 공표값과 동일)
A8: 2019 | B8: =SUMIFS(데이터셋!$H:$H,데이터셋!$D:$D,A8) -> 37371 | C8: 37371 | D8: =B8-C8 -> 0 | E8: 보건복지부 보육통계 12월말 (2016~18: 2018 보육통계·KICCE RR1901 / 2019~25: 세계일보·뉴시스 2026-08-05 인용 / 사용자 제공 시도별 어린이집 수 파일 전국 공표값과 동일)
A9: 2020 | B9: =SUMIFS(데이터셋!$H:$H,데이터셋!$D:$D,A9) -> 35352 | C9: 35352 | D9: =B9-C9 -> 0 | E9: 보건복지부 보육통계 12월말 (2016~18: 2018 보육통계·KICCE RR1901 / 2019~25: 세계일보·뉴시스 2026-08-05 인용 / 사용자 제공 시도별 어린이집 수 파일 전국 공표값과 동일)
A10: 2021 | B10: =SUMIFS(데이터셋!$H:$H,데이터셋!$D:$D,A10) -> 33246 | C10: 33246 | D10: =B10-C10 -> 0 | E10: 보건복지부 보육통계 12월말 (2016~18: 2018 보육통계·KICCE RR1901 / 2019~25: 세계일보·뉴시스 2026-08-05 인용 / 사용자 제공 시도별 어린이집 수 파일 전국 공표값과 동일)
A11: 2022 | B11: =SUMIFS(데이터셋!$H:$H,데이터셋!$D:$D,A11) -> 30923 | C11: 30923 | D11: =B11-C11 -> 0 | E11: 보건복지부 보육통계 12월말 (2016~18: 2018 보육통계·KICCE RR1901 / 2019~25: 세계일보·뉴시스 2026-08-05 인용 / 사용자 제공 시도별 어린이집 수 파일 전국 공표값과 동일)
A12: 2023 | B12: =SUMIFS(데이터셋!$H:$H,데이터셋!$D:$D,A12) -> 28954 | C12: 28954 | D12: =B12-C12 -> 0 | E12: 보건복지부 보육통계 12월말 (2016~18: 2018 보육통계·KICCE RR1901 / 2019~25: 세계일보·뉴시스 2026-08-05 인용 / 사용자 제공 시도별 어린이집 수 파일 전국 공표값과 동일)
A13: 2024 | B13: =SUMIFS(데이터셋!$H:$H,데이터셋!$D:$D,A13) -> 27387 | C13: 27387 | D13: =B13-C13 -> 0 | E13: 보건복지부 보육통계 12월말 (2016~18: 2018 보육통계·KICCE RR1901 / 2019~25: 세계일보·뉴시스 2026-08-05 인용 / 사용자 제공 시도별 어린이집 수 파일 전국 공표값과 동일)
A14: 2025 | B14: =SUMIFS(데이터셋!$H:$H,데이터셋!$D:$D,A14) -> 26064 | C14: 26064 | D14: =B14-C14 -> 0 | E14: 보건복지부 보육통계 12월말 (2016~18: 2018 보육통계·KICCE RR1901 / 2019~25: 세계일보·뉴시스 2026-08-05 인용 / 사용자 제공 시도별 어린이집 수 파일 전국 공표값과 동일)
A17: ② 시도별 어린이집 수: 데이터셋 시군구 합 vs 사용자 제공 「시도별 어린이집 현황」 원자료 (광주·전남은 합산 비교)
A18: 시도 | B18: 2016 | C18: 2017 | D18: 2018 | E18: 2019 | F18: 2020 | G18: 2021 | H18: 2022 | I18: 2023 | J18: 2024 | K18: 2025 | L18: 2016 차이 | M18: 2017 차이 | N18: 2018 차이 | O18: 2019 차이 | P18: 2020 차이 | Q18: 2021 차이 | R18: 2022 차이 | S18: 2023 차이 | T18: 2024 차이 | U18: 2025 차이 | V18: 비고
A19: 서울특별시 | B19: =SUMIFS(데이터셋!$H:$H,데이터셋!$D:$D,2016,데이터셋!$B:$B,$A19) -> 6368 | C19: =SUMIFS(데이터셋!$H:$H,데이터셋!$D:$D,2017,데이터셋!$B:$B,$A19) -> 6226 | D19: =SUMIFS(데이터셋!$H:$H,데이터셋!$D:$D,2018,데이터셋!$B:$B,$A19) -> 6008 | E19: =SUMIFS(데이터셋!$H:$H,데이터셋!$D:$D,2019,데이터셋!$B:$B,$A19) -> 5698 | F19: =SUMIFS(데이터셋!$H:$H,데이터셋!$D:$D,2020,데이터셋!$B:$B,$A19) -> 5370 | G19: =SUMIFS(데이터셋!$H:$H,데이터셋!$D:$D,2021,데이터셋!$B:$B,$A19) -> 5049 | H19: =SUMIFS(데이터셋!$H:$H,데이터셋!$D:$D,2022,데이터셋!$B:$B,$A19) -> 4712 | I19: =SUMIFS(데이터셋!$H:$H,데이터셋!$D:$D,2023,데이터셋!$B:$B,$A19) -> 4431 | J19: =SUMIFS(데이터셋!$H:$H,데이터셋!$D:$D,2024,데이터셋!$B:$B,$A19) -> 4212 | K19: =SUMIFS(데이터셋!$H:$H,데이터셋!$D:$D,2025,데이터셋!$B:$B,$A19) -> 4010 | L19: =B19-B39 -> 0 | M19: =C19-C39 -> 0 | N19: =D19-D39 -> 0 | O19: =E19-E39 -> 0 | P19: =F19-F39 -> 0 | Q19: =G19-G39 -> 0 | R19: =H19-H39 -> 0 | S19: =I19-I39 -> 0 | ... U19: =K19-K39 -> 0
A20: 부산광역시 | B20: =SUMIFS(데이터셋!$H:$H,데이터셋!$D:$D,2016,데이터셋!$B:$B,$A20) -> 1937 | C20: =SUMIFS(데이터셋!$H:$H,데이터셋!$D:$D,2017,데이터셋!$B:$B,$A20) -> 1920 | D20: =SUMIFS(데이터셋!$H:$H,데이터셋!$D:$D,2018,데이터셋!$B:$B,$A20) -> 1891 | E20: =SUMIFS(데이터셋!$H:$H,데이터셋!$D:$D,2019,데이터셋!$B:$B,$A20) -> 1848 | F20: =SUMIFS(데이터셋!$H:$H,데이터셋!$D:$D,2020,데이터셋!$B:$B,$A20) -> 1778 | G20: =SUMIFS(데이터셋!$H:$H,데이터셋!$D:$D,2021,데이터셋!$B:$B,$A20) -> 1668 | H20: =SUMIFS(데이터셋!$H:$H,데이터셋!$D:$D,2022,데이터셋!$B:$B,$A20) -> 1547 | I20: =SUMIFS(데이터셋!$H:$H,데이터셋!$D:$D,2023,데이터셋!$B:$B,$A20) -> 1447 | J20: =SUMIFS(데이터셋!$H:$H,데이터셋!$D:$D,2024,데이터셋!$B:$B,$A20) -> 1354 | K20: =SUMIFS(데이터셋!$H:$H,데이터셋!$D:$D,2025,데이터셋!$B:$B,$A20) -> 1278 | L20: =B20-B40 -> 0 | M20: =C20-C40 -> 0 | N20: =D20-D40 -> 0 | O20: =E20-E40 -> 0 | P20: =F20-F40 -> 0 | Q20: =G20-G40 -> 0 | R20: =H20-H40 -> 0 | S20: =I20-I40 -> 0 | ... U20: =K20-K40 -> 0
A21: 대구광역시 | B21: =SUMIFS(데이터셋!$H:$H,데이터셋!$D:$D,2016,데이터셋!$B:$B,$A21) -> 1489 | C21: =SUMIFS(데이터셋!$H:$H,데이터셋!$D:$D,2017,데이터셋!$B:$B,$A21) -> 1470 | D21: =SUMIFS(데이터셋!$H:$H,데이터셋!$D:$D,2018,데이터셋!$B:$B,$A21) -> 1410 | E21: =SUMIFS(데이터셋!$H:$H,데이터셋!$D:$D,2019,데이터셋!$B:$B,$A21) -> 1327 | F21: =SUMIFS(데이터셋!$H:$H,데이터셋!$D:$D,2020,데이터셋!$B:$B,$A21) -> 1274 | G21: =SUMIFS(데이터셋!$H:$H,데이터셋!$D:$D,2021,데이터셋!$B:$B,$A21) -> 1192 | H21: =SUMIFS(데이터셋!$H:$H,데이터셋!$D:$D,2022,데이터셋!$B:$B,$A21) -> 1144 | I21: =SUMIFS(데이터셋!$H:$H,데이터셋!$D:$D,2023,데이터셋!$B:$B,$A21) -> 1079 | J21: =SUMIFS(데이터셋!$H:$H,데이터셋!$D:$D,2024,데이터셋!$B:$B,$A21) -> 1035 | K21: =SUMIFS(데이터셋!$H:$H,데이터셋!$D:$D,2025,데이터셋!$B:$B,$A21) -> 992 | L21: =B21-B41 -> 6 | M21: =C21-C41 -> 6 | N21: =D21-D41 -> 5 | O21: =E21-E41 -> 5 | P21: =F21-F41 -> 6 | Q21: =G21-G41 -> 5 | R21: =H21-H41 -> 5 | S21: =I21-I41 -> 0 | ... U21: =K21-K41 -> 0 | V21: 대구·경북: 군위군은 데이터셋에서 전 기간 대구로 집계(2023 편입 기준 통일) → 2016~2022 대구 +군위, 경북 −군위만큼 차이 나는 것이 정상
A22: 인천광역시 | B22: =SUMIFS(데이터셋!$H:$H,데이터셋!$D:$D,2016,데이터셋!$B:$B,$A22) -> 2231 | C22: =SUMIFS(데이터셋!$H:$H,데이터셋!$D:$D,2017,데이터셋!$B:$B,$A22) -> 2186 | D22: =SUMIFS(데이터셋!$H:$H,데이터셋!$D:$D,2018,데이터셋!$B:$B,$A22) -> 2141 | E22: =SUMIFS(데이터셋!$H:$H,데이터셋!$D:$D,2019,데이터셋!$B:$B,$A22) -> 2049 | F22: =SUMIFS(데이터셋!$H:$H,데이터셋!$D:$D,2020,데이터셋!$B:$B,$A22) -> 1943 | G22: =SUMIFS(데이터셋!$H:$H,데이터셋!$D:$D,2021,데이터셋!$B:$B,$A22) -> 1803 | H22: =SUMIFS(데이터셋!$H:$H,데이터셋!$D:$D,2022,데이터셋!$B:$B,$A22) -> 1697 | I22: =SUMIFS(데이터셋!$H:$H,데이터셋!$D:$D,2023,데이터셋!$B:$B,$A22) -> 1652 | J22: =SUMIFS(데이터셋!$H:$H,데이터셋!$D:$D,2024,데이터셋!$B:$B,$A22) -> 1613 | K22: =SUMIFS(데이터셋!$H:$H,데이터셋!$D:$D,2025,데이터셋!$B:$B,$A22) -> 1556 | L22: =B22-B42 -> 0 | M22: =C22-C42 -> 0 | N22: =D22-D42 -> 0 | O22: =E22-E42 -> 0 | P22: =F22-F42 -> 0 | Q22: =G22-G42 -> 0 | R22: =H22-H42 -> 0 | S22: =I22-I42 -> 0 | ... U22: =K22-K42 -> 0
A23: 대전광역시 | B23: =SUMIFS(데이터셋!$H:$H,데이터셋!$D:$D,2016,데이터셋!$B:$B,$A23) -> 1584 | C23: =SUMIFS(데이터셋!$H:$H,데이터셋!$D:$D,2017,데이터셋!$B:$B,$A23) -> 1505 | D23: =SUMIFS(데이터셋!$H:$H,데이터셋!$D:$D,2018,데이터셋!$B:$B,$A23) -> 1406 | E23: =SUMIFS(데이터셋!$H:$H,데이터셋!$D:$D,2019,데이터셋!$B:$B,$A23) -> 1288 | F23: =SUMIFS(데이터셋!$H:$H,데이터셋!$D:$D,2020,데이터셋!$B:$B,$A23) -> 1185 | G23: =SUMIFS(데이터셋!$H:$H,데이터셋!$D:$D,2021,데이터셋!$B:$B,$A23) -> 1101 | H23: =SUMIFS(데이터셋!$H:$H,데이터셋!$D:$D,2022,데이터셋!$B:$B,$A23) -> 1013 | I23: =SUMIFS(데이터셋!$H:$H,데이터셋!$D:$D,2023,데이터셋!$B:$B,$A23) -> 916 | J23: =SUMIFS(데이터셋!$H:$H,데이터셋!$D:$D,2024,데이터셋!$B:$B,$A23) -> 864 | K23: =SUMIFS(데이터셋!$H:$H,데이터셋!$D:$D,2025,데이터셋!$B:$B,$A23) -> 826 | L23: =B23-B43 -> 0 | M23: =C23-C43 -> 0 | N23: =D23-D43 -> 0 | O23: =E23-E43 -> 0 | P23: =F23-F43 -> 0 | Q23: =G23-G43 -> 0 | R23: =H23-H43 -> 0 | S23: =I23-I43 -> 0 | ... U23: =K23-K43 -> 0
A24: 울산광역시 | B24: =SUMIFS(데이터셋!$H:$H,데이터셋!$D:$D,2016,데이터셋!$B:$B,$A24) -> 895 | C24: =SUMIFS(데이터셋!$H:$H,데이터셋!$D:$D,2017,데이터셋!$B:$B,$A24) -> 881 | D24: =SUMIFS(데이터셋!$H:$H,데이터셋!$D:$D,2018,데이터셋!$B:$B,$A24) -> 868 | E24: =SUMIFS(데이터셋!$H:$H,데이터셋!$D:$D,2019,데이터셋!$B:$B,$A24) -> 842 | F24: =SUMIFS(데이터셋!$H:$H,데이터셋!$D:$D,2020,데이터셋!$B:$B,$A24) -> 790 | G24: =SUMIFS(데이터셋!$H:$H,데이터셋!$D:$D,2021,데이터셋!$B:$B,$A24) -> 720 | H24: =SUMIFS(데이터셋!$H:$H,데이터셋!$D:$D,2022,데이터셋!$B:$B,$A24) -> 656 | I24: =SUMIFS(데이터셋!$H:$H,데이터셋!$D:$D,2023,데이터셋!$B:$B,$A24) -> 612 | J24: =SUMIFS(데이터셋!$H:$H,데이터셋!$D:$D,2024,데이터셋!$B:$B,$A24) -> 569 | K24: =SUMIFS(데이터셋!$H:$H,데이터셋!$D:$D,2025,데이터셋!$B:$B,$A24) -> 535 | L24: =B24-B44 -> 0 | M24: =C24-C44 -> 0 | N24: =D24-D44 -> 0 | O24: =E24-E44 -> 0 | P24: =F24-F44 -> 0 | Q24: =G24-G44 -> 0 | R24: =H24-H44 -> 0 | S24: =I24-I44 -> 0 | ... U24: =K24-K44 -> 0
A25: 세종특별자치시 | B25: =SUMIFS(데이터셋!$H:$H,데이터셋!$D:$D,2016,데이터셋!$B:$B,$A25) -> 250 | C25: =SUMIFS(데이터셋!$H:$H,데이터셋!$D:$D,2017,데이터셋!$B:$B,$A25) -> 289 | D25: =SUMIFS(데이터셋!$H:$H,데이터셋!$D:$D,2018,데이터셋!$B:$B,$A25) -> 343 | E25: =SUMIFS(데이터셋!$H:$H,데이터셋!$D:$D,2019,데이터셋!$B:$B,$A25) -> 359 | F25: =SUMIFS(데이터셋!$H:$H,데이터셋!$D:$D,2020,데이터셋!$B:$B,$A25) -> 350 | G25: =SUMIFS(데이터셋!$H:$H,데이터셋!$D:$D,2021,데이터셋!$B:$B,$A25) -> 343 | H25: =SUMIFS(데이터셋!$H:$H,데이터셋!$D:$D,2022,데이터셋!$B:$B,$A25) -> 327 | I25: =SUMIFS(데이터셋!$H:$H,데이터셋!$D:$D,2023,데이터셋!$B:$B,$A25) -> 314 | J25: =SUMIFS(데이터셋!$H:$H,데이터셋!$D:$D,2024,데이터셋!$B:$B,$A25) -> 305 | K25: =SUMIFS(데이터셋!$H:$H,데이터셋!$D:$D,2025,데이터셋!$B:$B,$A25) -> 286 | L25: =B25-B45 -> 0 | M25: =C25-C45 -> 0 | N25: =D25-D45 -> 0 | O25: =E25-E45 -> 0 | P25: =F25-F45 -> 0 | Q25: =G25-G45 -> 0 | R25: =H25-H45 -> 0 | S25: =I25-I45 -> 0 | ... U25: =K25-K45 -> 0
A26: 경기도 | B26: =SUMIFS(데이터셋!$H:$H,데이터셋!$D:$D,2016,데이터셋!$B:$B,$A26) -> 12120 | C26: =SUMIFS(데이터셋!$H:$H,데이터셋!$D:$D,2017,데이터셋!$B:$B,$A26) -> 11825 | D26: =SUMIFS(데이터셋!$H:$H,데이터셋!$D:$D,2018,데이터셋!$B:$B,$A26) -> 11682 | E26: =SUMIFS(데이터셋!$H:$H,데이터셋!$D:$D,2019,데이터셋!$B:$B,$A26) -> 11305 | F26: =SUMIFS(데이터셋!$H:$H,데이터셋!$D:$D,2020,데이터셋!$B:$B,$A26) -> 10761 | G26: =SUMIFS(데이터셋!$H:$H,데이터셋!$D:$D,2021,데이터셋!$B:$B,$A26) -> 10136 | H26: =SUMIFS(데이터셋!$H:$H,데이터셋!$D:$D,2022,데이터셋!$B:$B,$A26) -> 9438 | I26: =SUMIFS(데이터셋!$H:$H,데이터셋!$D:$D,2023,데이터셋!$B:$B,$A26) -> 8903 | J26: =SUMIFS(데이터셋!$H:$H,데이터셋!$D:$D,2024,데이터셋!$B:$B,$A26) -> 8407 | K26: =SUMIFS(데이터셋!$H:$H,데이터셋!$D:$D,2025,데이터셋!$B:$B,$A26) -> 8030 | L26: =B26-B46 -> 0 | M26: =C26-C46 -> 0 | N26: =D26-D46 -> 0 | O26: =E26-E46 -> 0 | P26: =F26-F46 -> 0 | Q26: =G26-G46 -> 0 | R26: =H26-H46 -> 0 | S26: =I26-I46 -> 0 | ... U26: =K26-K46 -> 0
A27: 강원특별자치도 | B27: =SUMIFS(데이터셋!$H:$H,데이터셋!$D:$D,2016,데이터셋!$B:$B,$A27) -> 1180 | C27: =SUMIFS(데이터셋!$H:$H,데이터셋!$D:$D,2017,데이터셋!$B:$B,$A27) -> 1149 | D27: =SUMIFS(데이터셋!$H:$H,데이터셋!$D:$D,2018,데이터셋!$B:$B,$A27) -> 1086 | E27: =SUMIFS(데이터셋!$H:$H,데이터셋!$D:$D,2019,데이터셋!$B:$B,$A27) -> 1036 | F27: =SUMIFS(데이터셋!$H:$H,데이터셋!$D:$D,2020,데이터셋!$B:$B,$A27) -> 999 | G27: =SUMIFS(데이터셋!$H:$H,데이터셋!$D:$D,2021,데이터셋!$B:$B,$A27) -> 954 | H27: =SUMIFS(데이터셋!$H:$H,데이터셋!$D:$D,2022,데이터셋!$B:$B,$A27) -> 906 | I27: =SUMIFS(데이터셋!$H:$H,데이터셋!$D:$D,2023,데이터셋!$B:$B,$A27) -> 847 | J27: =SUMIFS(데이터셋!$H:$H,데이터셋!$D:$D,2024,데이터셋!$B:$B,$A27) -> 816 | K27: =SUMIFS(데이터셋!$H:$H,데이터셋!$D:$D,2025,데이터셋!$B:$B,$A27) -> 779 | L27: =B27-B47 -> 0 | M27: =C27-C47 -> 0 | N27: =D27-D47 -> 0 | O27: =E27-E47 -> 0 | P27: =F27-F47 -> 0 | Q27: =G27-G47 -> 0 | R27: =H27-H47 -> 0 | S27: =I27-I47 -> 0 | ... U27: =K27-K47 -> 0
A28: 충청북도 | B28: =SUMIFS(데이터셋!$H:$H,데이터셋!$D:$D,2016,데이터셋!$B:$B,$A28) -> 1208 | C28: =SUMIFS(데이터셋!$H:$H,데이터셋!$D:$D,2017,데이터셋!$B:$B,$A28) -> 1186 | D28: =SUMIFS(데이터셋!$H:$H,데이터셋!$D:$D,2018,데이터셋!$B:$B,$A28) -> 1157 | E28: =SUMIFS(데이터셋!$H:$H,데이터셋!$D:$D,2019,데이터셋!$B:$B,$A28) -> 1130 | F28: =SUMIFS(데이터셋!$H:$H,데이터셋!$D:$D,2020,데이터셋!$B:$B,$A28) -> 1082 | G28: =SUMIFS(데이터셋!$H:$H,데이터셋!$D:$D,2021,데이터셋!$B:$B,$A28) -> 1042 | H28: =SUMIFS(데이터셋!$H:$H,데이터셋!$D:$D,2022,데이터셋!$B:$B,$A28) -> 972 | I28: =SUMIFS(데이터셋!$H:$H,데이터셋!$D:$D,2023,데이터셋!$B:$B,$A28) -> 921 | J28: =SUMIFS(데이터셋!$H:$H,데이터셋!$D:$D,2024,데이터셋!$B:$B,$A28) -> 877 | K28: =SUMIFS(데이터셋!$H:$H,데이터셋!$D:$D,2025,데이터셋!$B:$B,$A28) -> 837 | L28: =B28-B48 -> 0 | M28: =C28-C48 -> 0 | N28: =D28-D48 -> 0 | O28: =E28-E48 -> 0 | P28: =F28-F48 -> 0 | Q28: =G28-G48 -> 0 | R28: =H28-H48 -> 0 | S28: =I28-I48 -> 0 | ... U28: =K28-K48 -> 0
A29: 충청남도 | B29: =SUMIFS(데이터셋!$H:$H,데이터셋!$D:$D,2016,데이터셋!$B:$B,$A29) -> 1974 | C29: =SUMIFS(데이터셋!$H:$H,데이터셋!$D:$D,2017,데이터셋!$B:$B,$A29) -> 1955 | D29: =SUMIFS(데이터셋!$H:$H,데이터셋!$D:$D,2018,데이터셋!$B:$B,$A29) -> 1916 | E29: =SUMIFS(데이터셋!$H:$H,데이터셋!$D:$D,2019,데이터셋!$B:$B,$A29) -> 1812 | F29: =SUMIFS(데이터셋!$H:$H,데이터셋!$D:$D,2020,데이터셋!$B:$B,$A29) -> 1717 | G29: =SUMIFS(데이터셋!$H:$H,데이터셋!$D:$D,2021,데이터셋!$B:$B,$A29) -> 1625 | H29: =SUMIFS(데이터셋!$H:$H,데이터셋!$D:$D,2022,데이터셋!$B:$B,$A29) -> 1516 | I29: =SUMIFS(데이터셋!$H:$H,데이터셋!$D:$D,2023,데이터셋!$B:$B,$A29) -> 1421 | J29: =SUMIFS(데이터셋!$H:$H,데이터셋!$D:$D,2024,데이터셋!$B:$B,$A29) -> 1338 | K29: =SUMIFS(데이터셋!$H:$H,데이터셋!$D:$D,2025,데이터셋!$B:$B,$A29) -> 1272 | L29: =B29-B49 -> 0 | M29: =C29-C49 -> 0 | N29: =D29-D49 -> 0 | O29: =E29-E49 -> 0 | P29: =F29-F49 -> 0 | Q29: =G29-G49 -> 0 | R29: =H29-H49 -> 0 | S29: =I29-I49 -> 0 | ... U29: =K29-K49 -> 0
A30: 전북특별자치도 | B30: =SUMIFS(데이터셋!$H:$H,데이터셋!$D:$D,2016,데이터셋!$B:$B,$A30) -> 1562 | C30: =SUMIFS(데이터셋!$H:$H,데이터셋!$D:$D,2017,데이터셋!$B:$B,$A30) -> 1497 | D30: =SUMIFS(데이터셋!$H:$H,데이터셋!$D:$D,2018,데이터셋!$B:$B,$A30) -> 1397 | E30: =SUMIFS(데이터셋!$H:$H,데이터셋!$D:$D,2019,데이터셋!$B:$B,$A30) -> 1288 | F30: =SUMIFS(데이터셋!$H:$H,데이터셋!$D:$D,2020,데이터셋!$B:$B,$A30) -> 1195 | G30: =SUMIFS(데이터셋!$H:$H,데이터셋!$D:$D,2021,데이터셋!$B:$B,$A30) -> 1115 | H30: =SUMIFS(데이터셋!$H:$H,데이터셋!$D:$D,2022,데이터셋!$B:$B,$A30) -> 1024 | I30: =SUMIFS(데이터셋!$H:$H,데이터셋!$D:$D,2023,데이터셋!$B:$B,$A30) -> 944 | J30: =SUMIFS(데이터셋!$H:$H,데이터셋!$D:$D,2024,데이터셋!$B:$B,$A30) -> 902 | K30: =SUMIFS(데이터셋!$H:$H,데이터셋!$D:$D,2025,데이터셋!$B:$B,$A30) -> 856 | L30: =B30-B50 -> 0 | M30: =C30-C50 -> 0 | N30: =D30-D50 -> 0 | O30: =E30-E50 -> 0 | P30: =F30-F50 -> 0 | Q30: =G30-G50 -> 0 | R30: =H30-H50 -> 0 | S30: =I30-I50 -> 0 | ... U30: =K30-K50 -> 0
A31: 경상북도 | B31: =SUMIFS(데이터셋!$H:$H,데이터셋!$D:$D,2016,데이터셋!$B:$B,$A31) -> 2096 | C31: =SUMIFS(데이터셋!$H:$H,데이터셋!$D:$D,2017,데이터셋!$B:$B,$A31) -> 2057 | D31: =SUMIFS(데이터셋!$H:$H,데이터셋!$D:$D,2018,데이터셋!$B:$B,$A31) -> 1971 | E31: =SUMIFS(데이터셋!$H:$H,데이터셋!$D:$D,2019,데이터셋!$B:$B,$A31) -> 1839 | F31: =SUMIFS(데이터셋!$H:$H,데이터셋!$D:$D,2020,데이터셋!$B:$B,$A31) -> 1719 | G31: =SUMIFS(데이터셋!$H:$H,데이터셋!$D:$D,2021,데이터셋!$B:$B,$A31) -> 1612 | H31: =SUMIFS(데이터셋!$H:$H,데이터셋!$D:$D,2022,데이터셋!$B:$B,$A31) -> 1458 | I31: =SUMIFS(데이터셋!$H:$H,데이터셋!$D:$D,2023,데이터셋!$B:$B,$A31) -> 1310 | J31: =SUMIFS(데이터셋!$H:$H,데이터셋!$D:$D,2024,데이터셋!$B:$B,$A31) -> 1234 | K31: =SUMIFS(데이터셋!$H:$H,데이터셋!$D:$D,2025,데이터셋!$B:$B,$A31) -> 1162 | L31: =B31-B51 -> -6 | M31: =C31-C51 -> -6 | N31: =D31-D51 -> -5 | O31: =E31-E51 -> -5 | P31: =F31-F51 -> -6 | Q31: =G31-G51 -> -5 | R31: =H31-H51 -> -5 | S31: =I31-I51 -> 0 | ... U31: =K31-K51 -> 0 | V31: 군위군 6곳 내외(대구로 이동분)
A32: 경상남도 | B32: =SUMIFS(데이터셋!$H:$H,데이터셋!$D:$D,2016,데이터셋!$B:$B,$A32) -> 3158 | C32: =SUMIFS(데이터셋!$H:$H,데이터셋!$D:$D,2017,데이터셋!$B:$B,$A32) -> 3084 | D32: =SUMIFS(데이터셋!$H:$H,데이터셋!$D:$D,2018,데이터셋!$B:$B,$A32) -> 2982 | E32: =SUMIFS(데이터셋!$H:$H,데이터셋!$D:$D,2019,데이터셋!$B:$B,$A32) -> 2777 | F32: =SUMIFS(데이터셋!$H:$H,데이터셋!$D:$D,2020,데이터셋!$B:$B,$A32) -> 2544 | G32: =SUMIFS(데이터셋!$H:$H,데이터셋!$D:$D,2021,데이터셋!$B:$B,$A32) -> 2357 | H32: =SUMIFS(데이터셋!$H:$H,데이터셋!$D:$D,2022,데이터셋!$B:$B,$A32) -> 2123 | I32: =SUMIFS(데이터셋!$H:$H,데이터셋!$D:$D,2023,데이터셋!$B:$B,$A32) -> 1904 | J32: =SUMIFS(데이터셋!$H:$H,데이터셋!$D:$D,2024,데이터셋!$B:$B,$A32) -> 1723 | K32: =SUMIFS(데이터셋!$H:$H,데이터셋!$D:$D,2025,데이터셋!$B:$B,$A32) -> 1613 | L32: =B32-B52 -> 0 | M32: =C32-C52 -> 0 | N32: =D32-D52 -> 0 | O32: =E32-E52 -> 0 | P32: =F32-F52 -> 0 | Q32: =G32-G52 -> 0 | R32: =H32-H52 -> 0 | S32: =I32-I52 -> 0 | ... U32: =K32-K52 -> 0
A33: 제주특별자치도 | B33: =SUMIFS(데이터셋!$H:$H,데이터셋!$D:$D,2016,데이터셋!$B:$B,$A33) -> 543 | C33: =SUMIFS(데이터셋!$H:$H,데이터셋!$D:$D,2017,데이터셋!$B:$B,$A33) -> 527 | D33: =SUMIFS(데이터셋!$H:$H,데이터셋!$D:$D,2018,데이터셋!$B:$B,$A33) -> 513 | E33: =SUMIFS(데이터셋!$H:$H,데이터셋!$D:$D,2019,데이터셋!$B:$B,$A33) -> 504 | F33: =SUMIFS(데이터셋!$H:$H,데이터셋!$D:$D,2020,데이터셋!$B:$B,$A33) -> 489 | G33: =SUMIFS(데이터셋!$H:$H,데이터셋!$D:$D,2021,데이터셋!$B:$B,$A33) -> 476 | H33: =SUMIFS(데이터셋!$H:$H,데이터셋!$D:$D,2022,데이터셋!$B:$B,$A33) -> 451 | I33: =SUMIFS(데이터셋!$H:$H,데이터셋!$D:$D,2023,데이터셋!$B:$B,$A33) -> 423 | J33: =SUMIFS(데이터셋!$H:$H,데이터셋!$D:$D,2024,데이터셋!$B:$B,$A33) -> 399 | K33: =SUMIFS(데이터셋!$H:$H,데이터셋!$D:$D,2025,데이터셋!$B:$B,$A33) -> 378 | L33: =B33-B53 -> 0 | M33: =C33-C53 -> 0 | N33: =D33-D53 -> 0 | O33: =E33-E53 -> 0 | P33: =F33-F53 -> 0 | Q33: =G33-G53 -> 0 | R33: =H33-H53 -> 0 | S33: =I33-I53 -> 0 | ... U33: =K33-K53 -> 0
A34: 광주광역시+전라남도 | B34: =SUMIFS(데이터셋!$H:$H,데이터셋!$D:$D,2016,데이터셋!$B:$B,"광주광역시")+SUMIFS(데이터셋!$H:$H,데이터셋!$D:$D,2016,데이터셋!$B:$B,"전라남도") -> 2489 | C34: =SUMIFS(데이터셋!$H:$H,데이터셋!$D:$D,2017,데이터셋!$B:$B,"광주광역시")+SUMIFS(데이터셋!$H:$H,데이터셋!$D:$D,2017,데이터셋!$B:$B,"전라남도") -> 2481 | D34: =SUMIFS(데이터셋!$H:$H,데이터셋!$D:$D,2018,데이터셋!$B:$B,"광주광역시")+SUMIFS(데이터셋!$H:$H,데이터셋!$D:$D,2018,데이터셋!$B:$B,"전라남도") -> 2400 | E34: =SUMIFS(데이터셋!$H:$H,데이터셋!$D:$D,2019,데이터셋!$B:$B,"광주광역시")+SUMIFS(데이터셋!$H:$H,데이터셋!$D:$D,2019,데이터셋!$B:$B,"전라남도") -> 2269 | F34: =SUMIFS(데이터셋!$H:$H,데이터셋!$D:$D,2020,데이터셋!$B:$B,"광주광역시")+SUMIFS(데이터셋!$H:$H,데이터셋!$D:$D,2020,데이터셋!$B:$B,"전라남도") -> 2156 | G34: =SUMIFS(데이터셋!$H:$H,데이터셋!$D:$D,2021,데이터셋!$B:$B,"광주광역시")+SUMIFS(데이터셋!$H:$H,데이터셋!$D:$D,2021,데이터셋!$B:$B,"전라남도") -> 2053 | H34: =SUMIFS(데이터셋!$H:$H,데이터셋!$D:$D,2022,데이터셋!$B:$B,"광주광역시")+SUMIFS(데이터셋!$H:$H,데이터셋!$D:$D,2022,데이터셋!$B:$B,"전라남도") -> 1939 | I34: =SUMIFS(데이터셋!$H:$H,데이터셋!$D:$D,2023,데이터셋!$B:$B,"광주광역시")+SUMIFS(데이터셋!$H:$H,데이터셋!$D:$D,2023,데이터셋!$B:$B,"전라남도") -> 1830 | J34: =SUMIFS(데이터셋!$H:$H,데이터셋!$D:$D,2024,데이터셋!$B:$B,"광주광역시")+SUMIFS(데이터셋!$H:$H,데이터셋!$D:$D,2024,데이터셋!$B:$B,"전라남도") -> 1739 | K34: =SUMIFS(데이터셋!$H:$H,데이터셋!$D:$D,2025,데이터셋!$B:$B,"광주광역시")+SUMIFS(데이터셋!$H:$H,데이터셋!$D:$D,2025,데이터셋!$B:$B,"전라남도") -> 1654 | L34: =B34-B54 -> 0 | M34: =C34-C54 -> 0 | N34: =D34-D54 -> 0 | O34: =E34-E54 -> 0 | P34: =F34-F54 -> 0 | Q34: =G34-G54 -> 0 | R34: =H34-H54 -> 0 | S34: =I34-I54 -> 0 | ... U34: =K34-K54 -> 0
A36: ↓ 아래 블록 = 사용자 제공 시도별 어린이집 수 원자료(포털, 12월말)
A39: 서울 (포털 공표값) | B39: 6368 | C39: 6226 | D39: 6008 | E39: 5698 | F39: 5370 | G39: 5049 | H39: 4712 | I39: 4431 | J39: 4212 | K39: 4010
A40: 부산 (포털 공표값) | B40: 1937 | C40: 1920 | D40: 1891 | E40: 1848 | F40: 1778 | G40: 1668 | H40: 1547 | I40: 1447 | J40: 1354 | K40: 1278
A41: 대구 (포털 공표값) | B41: 1483 | C41: 1464 | D41: 1405 | E41: 1322 | F41: 1268 | G41: 1187 | H41: 1139 | I41: 1079 | J41: 1035 | K41: 992
A42: 인천 (포털 공표값) | B42: 2231 | C42: 2186 | D42: 2141 | E42: 2049 | F42: 1943 | G42: 1803 | H42: 1697 | I42: 1652 | J42: 1613 | K42: 1556
A43: 대전 (포털 공표값) | B43: 1584 | C43: 1505 | D43: 1406 | E43: 1288 | F43: 1185 | G43: 1101 | H43: 1013 | I43: 916 | J43: 864 | K43: 826
A44: 울산 (포털 공표값) | B44: 895 | C44: 881 | D44: 868 | E44: 842 | F44: 790 | G44: 720 | H44: 656 | I44: 612 | J44: 569 | K44: 535
A45: 세종 (포털 공표값) | B45: 250 | C45: 289 | D45: 343 | E45: 359 | F45: 350 | G45: 343 | H45: 327 | I45: 314 | J45: 305 | K45: 286
A46: 경기 (포털 공표값) | B46: 12120 | C46: 11825 | D46: 11682 | E46: 11305 | F46: 10761 | G46: 10136 | H46: 9438 | I46: 8903 | J46: 8407 | K46: 8030
A47: 강원 (포털 공표값) | B47: 1180 | C47: 1149 | D47: 1086 | E47: 1036 | F47: 999 | G47: 954 | H47: 906 | I47: 847 | J47: 816 | K47: 779
A48: 충북 (포털 공표값) | B48: 1208 | C48: 1186 | D48: 1157 | E48: 1130 | F48: 1082 | G48: 1042 | H48: 972 | I48: 921 | J48: 877 | K48: 837
A49: 충남 (포털 공표값) | B49: 1974 | C49: 1955 | D49: 1916 | E49: 1812 | F49: 1717 | G49: 1625 | H49: 1516 | I49: 1421 | J49: 1338 | K49: 1272
A50: 전북 (포털 공표값) | B50: 1562 | C50: 1497 | D50: 1397 | E50: 1288 | F50: 1195 | G50: 1115 | H50: 1024 | I50: 944 | J50: 902 | K50: 856
... A54: 전남광주(합계) (포털 공표값) | B54: 2489 | C54: 2481 | D54: 2400 | E54: 2269 | F54: 2156 | G54: 2053 | H54: 1939 | I54: 1830 | J54: 1739 | K54: 1654
A60: ③ 소아청소년과 폐업: LOCALDATA 키워드 집계 vs 심평원 표시과목 기준 (전국)
A61: 연도 | B61: LOCALDATA 폐업(수식) | C61: 심평원 폐업 | D61: 배율 | E61: LOCALDATA 개업(수식) | F61: 심평원 개업
A62: 2017 | B62: =SUMIFS(시도_소아과개폐업!$D:$D,시도_소아과개폐업!$A:$A,A62) -> 560 | C62: 125 | D62: =IF(C62=0,"",B62/C62) -> 4.48 | E62: =SUMIFS(시도_소아과개폐업!$C:$C,시도_소아과개폐업!$A:$A,A62) -> 779 | F62: 126
A63: 2018 | B63: =SUMIFS(시도_소아과개폐업!$D:$D,시도_소아과개폐업!$A:$A,A63) -> 440 | C63: 121 | D63: =IF(C63=0,"",B63/C63) -> 3.6363636 | E63: =SUMIFS(시도_소아과개폐업!$C:$C,시도_소아과개폐업!$A:$A,A63) -> 674 | F63: 122
A64: 2019 | B64: =SUMIFS(시도_소아과개폐업!$D:$D,시도_소아과개폐업!$A:$A,A64) -> 414 | C64: 98 | D64: =IF(C64=0,"",B64/C64) -> 4.2244898 | E64: =SUMIFS(시도_소아과개폐업!$C:$C,시도_소아과개폐업!$A:$A,A64) -> 660 | F64: 114
A65: 2020 | B65: =SUMIFS(시도_소아과개폐업!$D:$D,시도_소아과개폐업!$A:$A,A65) -> 472 | C65: 154 | D65: =IF(C65=0,"",B65/C65) -> 3.0649351 | E65: =SUMIFS(시도_소아과개폐업!$C:$C,시도_소아과개폐업!$A:$A,A65) -> 540 | F65: 103
A66: 2021 | B66: =SUMIFS(시도_소아과개폐업!$D:$D,시도_소아과개폐업!$A:$A,A66) -> 392 | C66: 120 | D66: =IF(C66=0,"",B66/C66) -> 3.2666667 | E66: =SUMIFS(시도_소아과개폐업!$C:$C,시도_소아과개폐업!$A:$A,A66) -> 510 | F66: 93
A67: 2022 | B67: =SUMIFS(시도_소아과개폐업!$D:$D,시도_소아과개폐업!$A:$A,A67) -> 348 | C67: 57 | D67: =IF(C67=0,"",B67/C67) -> 6.1052632 | E67: =SUMIFS(시도_소아과개폐업!$C:$C,시도_소아과개폐업!$A:$A,A67) -> 540 | F67: 87
A68: 2025 | B68: =SUMIFS(시도_소아과개폐업!$D:$D,시도_소아과개폐업!$A:$A,A68) -> 319 | C68: 89 | D68: =IF(C68=0,"",B68/C68) -> 3.5842697 | E68: =SUMIFS(시도_소아과개폐업!$C:$C,시도_소아과개폐업!$A:$A,A68) -> 370 | F68: 59
A70: 심평원 수치 출처: 메디파나(idxno=312847), 메디게이트 뉴스 등 심평원 개폐업 현황 인용 보도. 2023·2024는 미확보.
A72: ④ 출생아수: 데이터셋(통계청 출생통계) vs 행안부 주민등록 출생등록 (전국, 참고)
A73: 연도 | B73: 통계청 출생(수식) | C73: 주민등록 출생등록 | D73: 차이율
A74: 2016 | B74: =SUMIFS(데이터셋!$G:$G,데이터셋!$D:$D,A74) -> 406243 | C74: 411859 | D74: =C74/B74-1 -> 0.013824238
A75: 2017 | B75: =SUMIFS(데이터셋!$G:$G,데이터셋!$D:$D,A75) -> 357771 | C75: 362867 | D75: =C75/B75-1 -> 0.014243748
A76: 2018 | B76: =SUMIFS(데이터셋!$G:$G,데이터셋!$D:$D,A76) -> 326822 | C76: 334115 | D76: =C76/B76-1 -> 0.022314899
A77: 2019 | B77: =SUMIFS(데이터셋!$G:$G,데이터셋!$D:$D,A77) -> 302676 | C77: 308697 | D77: =C77/B77-1 -> 0.019892558
A78: 2020 | B78: =SUMIFS(데이터셋!$G:$G,데이터셋!$D:$D,A78) -> 272337 | C78: 275815 | D78: =C78/B78-1 -> 0.012770942
A79: 2021 | B79: =SUMIFS(데이터셋!$G:$G,데이터셋!$D:$D,A79) -> 260562 | C79: 263127 | D79: =C79/B79-1 -> 0.0098441062
A80: 2022 | B80: =SUMIFS(데이터셋!$G:$G,데이터셋!$D:$D,A80) -> 249186 | C80: 254628 | D80: =C80/B80-1 -> 0.021839108
A81: 2023 | B81: =SUMIFS(데이터셋!$G:$G,데이터셋!$D:$D,A81) -> 230028 | C81: 235039 | D81: =C81/B81-1 -> 0.021784305
A82: 2024 | B82: =SUMIFS(데이터셋!$G:$G,데이터셋!$D:$D,A82) -> 238317 | C82: 242334 | D82: =C82/B82-1 -> 0.016855701
A83: 2025 | B83: =SUMIFS(데이터셋!$G:$G,데이터셋!$D:$D,A83) -> 254341 | C83: 258242 | D83: =C83/B83-1 -> 0.015337677
A85: 개념 차이: 통계청=출생신고 기준 연간 출생(발생), 주민등록=해당 연도 주민등록 출생등록. 1~2% 차이는 정상이며 모델 입력은 통계청 값 유지.
A88: ⑤ 병원급 변수: 데이터셋 시군구 합 vs 제공 패널 전국 합 (연결 오류 점검)
A89: 연도 | B89: 소아과 진료 병원(데이터셋 합) | C89: 소아과 진료 병원(패널 합) | D89: 차이 | E89: 병원급 전체(데이터셋 합) | F89: 병원급 전체(패널 합) | G89: 차이
A90: 2016 | B90: =SUMIFS(데이터셋!$AY:$AY,데이터셋!$D:$D,A90) -> 979 | C90: =SUMIFS(시군구_병원급!$E:$E,시군구_병원급!$D:$D,A90) -> 979 | D90: =B90-C90 -> 0 | E90: =SUMIFS(데이터셋!$BB:$BB,데이터셋!$D:$D,A90) -> 4028 | F90: =SUMIFS(시군구_병원급!$H:$H,시군구_병원급!$D:$D,A90) -> 4028 | G90: =E90-F90 -> 0
A91: 2017 | B91: =SUMIFS(데이터셋!$AY:$AY,데이터셋!$D:$D,A91) -> 971 | C91: =SUMIFS(시군구_병원급!$E:$E,시군구_병원급!$D:$D,A91) -> 971 | D91: =B91-C91 -> 0 | E91: =SUMIFS(데이터셋!$BB:$BB,데이터셋!$D:$D,A91) -> 4111 | F91: =SUMIFS(시군구_병원급!$H:$H,시군구_병원급!$D:$D,A91) -> 4111 | G91: =E91-F91 -> 0
A92: 2018 | B92: =SUMIFS(데이터셋!$AY:$AY,데이터셋!$D:$D,A92) -> 954 | C92: =SUMIFS(시군구_병원급!$E:$E,시군구_병원급!$D:$D,A92) -> 954 | D92: =B92-C92 -> 0 | E92: =SUMIFS(데이터셋!$BB:$BB,데이터셋!$D:$D,A92) -> 4133 | F92: =SUMIFS(시군구_병원급!$H:$H,시군구_병원급!$D:$D,A92) -> 4133 | G92: =E92-F92 -> 0
A93: 2019 | B93: =SUMIFS(데이터셋!$AY:$AY,데이터셋!$D:$D,A93) -> 957 | C93: =SUMIFS(시군구_병원급!$E:$E,시군구_병원급!$D:$D,A93) -> 957 | D93: =B93-C93 -> 0 | E93: =SUMIFS(데이터셋!$BB:$BB,데이터셋!$D:$D,A93) -> 4222 | F93: =SUMIFS(시군구_병원급!$H:$H,시군구_병원급!$D:$D,A93) -> 4222 | G93: =E93-F93 -> 0
A94: 2020 | B94: =SUMIFS(데이터셋!$AY:$AY,데이터셋!$D:$D,A94) -> 953 | C94: =SUMIFS(시군구_병원급!$E:$E,시군구_병원급!$D:$D,A94) -> 953 | D94: =B94-C94 -> 0 | E94: =SUMIFS(데이터셋!$BB:$BB,데이터셋!$D:$D,A94) -> 4302 | F94: =SUMIFS(시군구_병원급!$H:$H,시군구_병원급!$D:$D,A94) -> 4302 | G94: =E94-F94 -> 0
A95: 2021 | B95: =SUMIFS(데이터셋!$AY:$AY,데이터셋!$D:$D,A95) -> 954 | C95: =SUMIFS(시군구_병원급!$E:$E,시군구_병원급!$D:$D,A95) -> 954 | D95: =B95-C95 -> 0 | E95: =SUMIFS(데이터셋!$BB:$BB,데이터셋!$D:$D,A95) -> 4386 | F95: =SUMIFS(시군구_병원급!$H:$H,시군구_병원급!$D:$D,A95) -> 4386 | G95: =E95-F95 -> 0
A96: 2022 | B96: =SUMIFS(데이터셋!$AY:$AY,데이터셋!$D:$D,A96) -> 950 | C96: =SUMIFS(시군구_병원급!$E:$E,시군구_병원급!$D:$D,A96) -> 950 | D96: =B96-C96 -> 0 | E96: =SUMIFS(데이터셋!$BB:$BB,데이터셋!$D:$D,A96) -> 4439 | F96: =SUMIFS(시군구_병원급!$H:$H,시군구_병원급!$D:$D,A96) -> 4439 | G96: =E96-F96 -> 0
A97: 2023 | B97: =SUMIFS(데이터셋!$AY:$AY,데이터셋!$D:$D,A97) -> 941 | C97: =SUMIFS(시군구_병원급!$E:$E,시군구_병원급!$D:$D,A97) -> 941 | D97: =B97-C97 -> 0 | E97: =SUMIFS(데이터셋!$BB:$BB,데이터셋!$D:$D,A97) -> 4421 | F97: =SUMIFS(시군구_병원급!$H:$H,시군구_병원급!$D:$D,A97) -> 4421 | G97: =E97-F97 -> 0
A98: 2024 | B98: =SUMIFS(데이터셋!$AY:$AY,데이터셋!$D:$D,A98) -> 937 | C98: =SUMIFS(시군구_병원급!$E:$E,시군구_병원급!$D:$D,A98) -> 937 | D98: =B98-C98 -> 0 | E98: =SUMIFS(데이터셋!$BB:$BB,데이터셋!$D:$D,A98) -> 4414 | F98: =SUMIFS(시군구_병원급!$H:$H,시군구_병원급!$D:$D,A98) -> 4414 | G98: =E98-F98 -> 0
A99: 2025 | B99: =SUMIFS(데이터셋!$AY:$AY,데이터셋!$D:$D,A99) -> 925 | C99: =SUMIFS(시군구_병원급!$E:$E,시군구_병원급!$D:$D,A99) -> 925 | D99: =B99-C99 -> 0 | E99: =SUMIFS(데이터셋!$BB:$BB,데이터셋!$D:$D,A99) -> 4402 | F99: =SUMIFS(시군구_병원급!$H:$H,시군구_병원급!$D:$D,A99) -> 4402 | G99: =E99-F99 -> 0
A101: 병원 수는 지방행정 인허가 기록을 재구성한 값이라 KOSIS·심평원 공식 병원 수와 정의(상급종합 분류, 휴업 처리, 진료과목 시점)가 달라 공식값과 직접 비교하지 않음. 소아과 의원(DT_HIRA4G)은 KOSIS 전국값과 일치 확인됨(패널 자료범위 시트).
A104: ⑥ 유형별 어린이집 수: 데이터셋 시군구 합 vs 보건복지부 「보육통계」 공표값 (빈칸 = 공표값 미확보)
A105: 연도 | B105: 국공립 데이터셋 | C105: 민간 데이터셋 | D105: 가정 데이터셋 | E105: 직장 데이터셋 | F105: 법인(사회복지+법인단체) 데이터셋 | G105: 협동 데이터셋 | H105: 국공립 공표 | I105: 민간 공표 | J105: 가정 공표 | K105: 직장 공표 | L105: 법인(사회복지+법인단체) 공표 | M105: 협동 공표 | N105: 국공립 차이 | O105: 민간 차이 | P105: 가정 차이 | Q105: 직장 차이 | R105: 법인(사회복지+법인단체) 차이 | S105: 협동 차이 | T105: 출처
A106: 2016 | B106: =SUMIFS(데이터셋!$AC:$AC,데이터셋!$D:$D,$A106) -> 2859 | C106: =SUMIFS(데이터셋!$AD:$AD,데이터셋!$D:$D,$A106) -> 14316 | D106: =SUMIFS(데이터셋!$AE:$AE,데이터셋!$D:$D,$A106) -> 20598 | E106: =SUMIFS(데이터셋!$AF:$AF,데이터셋!$D:$D,$A106) -> 948 | F106: =SUMIFS(데이터셋!$AG:$AG,데이터셋!$D:$D,$A106) -> 2206 | G106: =SUMIFS(데이터셋!$AH:$AH,데이터셋!$D:$D,$A106) -> 157 | H106: 2859 | I106: 14316 | J106: 20598 | K106: 948 | L106: 2206 | M106: 157 | N106: =B106-H106 -> 0 | O106: =C106-I106 -> 0 | P106: =D106-J106 -> 0 | Q106: =E106-K106 -> 0 | R106: =F106-L106 -> 0 | S106: =G106-M106 -> 0 | T106: 2018 보육통계(KICCE)·육아정책연구소 RR1901
A107: 2017 | B107: =SUMIFS(데이터셋!$AC:$AC,데이터셋!$D:$D,$A107) -> 3157 | C107: =SUMIFS(데이터셋!$AD:$AD,데이터셋!$D:$D,$A107) -> 14045 | D107: =SUMIFS(데이터셋!$AE:$AE,데이터셋!$D:$D,$A107) -> 19656 | E107: =SUMIFS(데이터셋!$AF:$AF,데이터셋!$D:$D,$A107) -> 1053 | F107: =SUMIFS(데이터셋!$AG:$AG,데이터셋!$D:$D,$A107) -> 2163 | G107: =SUMIFS(데이터셋!$AH:$AH,데이터셋!$D:$D,$A107) -> 164 | H107: 3157 | I107: 14045 | J107: 19656 | K107: 1053 | L107: 2163 | M107: 164 | N107: =B107-H107 -> 0 | O107: =C107-I107 -> 0 | P107: =D107-J107 -> 0 | Q107: =E107-K107 -> 0 | R107: =F107-L107 -> 0 | S107: =G107-M107 -> 0 | T107: 동일
A108: 2018 | B108: =SUMIFS(데이터셋!$AC:$AC,데이터셋!$D:$D,$A108) -> 3602 | C108: =SUMIFS(데이터셋!$AD:$AD,데이터셋!$D:$D,$A108) -> 13518 | D108: =SUMIFS(데이터셋!$AE:$AE,데이터셋!$D:$D,$A108) -> 18651 | E108: =SUMIFS(데이터셋!$AF:$AF,데이터셋!$D:$D,$A108) -> 1111 | F108: =SUMIFS(데이터셋!$AG:$AG,데이터셋!$D:$D,$A108) -> 2125 | G108: =SUMIFS(데이터셋!$AH:$AH,데이터셋!$D:$D,$A108) -> 164 | H108: 3602 | I108: 13518 | J108: 18651 | K108: 1111 | L108: 2125 | M108: 164 | N108: =B108-H108 -> 0 | O108: =C108-I108 -> 0 | P108: =D108-J108 -> 0 | Q108: =E108-K108 -> 0 | R108: =F108-L108 -> 0 | S108: =G108-M108 -> 0 | T108: 동일
A109: 2019 | B109: =SUMIFS(데이터셋!$AC:$AC,데이터셋!$D:$D,$A109) -> 4324 | C109: =SUMIFS(데이터셋!$AD:$AD,데이터셋!$D:$D,$A109) -> 12568 | D109: =SUMIFS(데이터셋!$AE:$AE,데이터셋!$D:$D,$A109) -> 17117 | E109: =SUMIFS(데이터셋!$AF:$AF,데이터셋!$D:$D,$A109) -> 1153 | F109: =SUMIFS(데이터셋!$AG:$AG,데이터셋!$D:$D,$A109) -> 2050 | G109: =SUMIFS(데이터셋!$AH:$AH,데이터셋!$D:$D,$A109) -> 159 | T109: 유형별 공표값 미확보(총계만 ①에서 검증)
A110: 2020 | B110: =SUMIFS(데이터셋!$AC:$AC,데이터셋!$D:$D,$A110) -> 4958 | C110: =SUMIFS(데이터셋!$AD:$AD,데이터셋!$D:$D,$A110) -> 11510 | D110: =SUMIFS(데이터셋!$AE:$AE,데이터셋!$D:$D,$A110) -> 15529 | E110: =SUMIFS(데이터셋!$AF:$AF,데이터셋!$D:$D,$A110) -> 1216 | F110: =SUMIFS(데이터셋!$AG:$AG,데이터셋!$D:$D,$A110) -> 1987 | G110: =SUMIFS(데이터셋!$AH:$AH,데이터셋!$D:$D,$A110) -> 152 | T110: 유형별 공표값 미확보(총계만 ①에서 검증)
A111: 2021 | B111: =SUMIFS(데이터셋!$AC:$AC,데이터셋!$D:$D,$A111) -> 5437 | C111: =SUMIFS(데이터셋!$AD:$AD,데이터셋!$D:$D,$A111) -> 10603 | D111: =SUMIFS(데이터셋!$AE:$AE,데이터셋!$D:$D,$A111) -> 13891 | E111: =SUMIFS(데이터셋!$AF:$AF,데이터셋!$D:$D,$A111) -> 1248 | F111: =SUMIFS(데이터셋!$AG:$AG,데이터셋!$D:$D,$A111) -> 1925 | G111: =SUMIFS(데이터셋!$AH:$AH,데이터셋!$D:$D,$A111) -> 142 | J111: 13891 | P111: =D111-J111 -> 0 | T111: 육아정책연구소 GR2303(보건복지부 인용)
A112: 2022 | B112: =SUMIFS(데이터셋!$AC:$AC,데이터셋!$D:$D,$A112) -> 5801 | C112: =SUMIFS(데이터셋!$AD:$AD,데이터셋!$D:$D,$A112) -> 9726 | D112: =SUMIFS(데이터셋!$AE:$AE,데이터셋!$D:$D,$A112) -> 12109 | E112: =SUMIFS(데이터셋!$AF:$AF,데이터셋!$D:$D,$A112) -> 1291 | F112: =SUMIFS(데이터셋!$AG:$AG,데이터셋!$D:$D,$A112) -> 1864 | G112: =SUMIFS(데이터셋!$AH:$AH,데이터셋!$D:$D,$A112) -> 132 | T112: 유형별 공표값 미확보(총계만 ①에서 검증)
A113: 2023 | B113: =SUMIFS(데이터셋!$AC:$AC,데이터셋!$D:$D,$A113) -> 6187 | C113: =SUMIFS(데이터셋!$AD:$AD,데이터셋!$D:$D,$A113) -> 8886 | D113: =SUMIFS(데이터셋!$AE:$AE,데이터셋!$D:$D,$A113) -> 10692 | E113: =SUMIFS(데이터셋!$AF:$AF,데이터셋!$D:$D,$A113) -> 1308 | F113: =SUMIFS(데이터셋!$AG:$AG,데이터셋!$D:$D,$A113) -> 1757 | G113: =SUMIFS(데이터셋!$AH:$AH,데이터셋!$D:$D,$A113) -> 124 | H113: 6187 | I113: 8886 | J113: 10692 | K113: 1308 | L113: 1757 | M113: 124 | N113: =B113-H113 -> 0 | O113: =C113-I113 -> 0 | P113: =D113-J113 -> 0 | Q113: =E113-K113 -> 0 | R113: =F113-L113 -> 0 | S113: =G113-M113 -> 0 | T113: 보건복지부 2023 어린이집 현황 인용 보도(데이터솜 2024-01-17)
A114: 2024 | B114: =SUMIFS(데이터셋!$AC:$AC,데이터셋!$D:$D,$A114) -> 6521 | C114: =SUMIFS(데이터셋!$AD:$AD,데이터셋!$D:$D,$A114) -> 8181 | D114: =SUMIFS(데이터셋!$AE:$AE,데이터셋!$D:$D,$A114) -> 9586 | E114: =SUMIFS(데이터셋!$AF:$AF,데이터셋!$D:$D,$A114) -> 1305 | F114: =SUMIFS(데이터셋!$AG:$AG,데이터셋!$D:$D,$A114) -> 1678 | G114: =SUMIFS(데이터셋!$AH:$AH,데이터셋!$D:$D,$A114) -> 116 | H114: 6521 | J114: 9586 | N114: =B114-H114 -> 0 | P114: =D114-J114 -> 0 | T114: 신아일보 2026-10-11(보건복지부 인용)
A115: 2025 | B115: =SUMIFS(데이터셋!$AC:$AC,데이터셋!$D:$D,$A115) -> 6745 | C115: =SUMIFS(데이터셋!$AD:$AD,데이터셋!$D:$D,$A115) -> 7653 | D115: =SUMIFS(데이터셋!$AE:$AE,데이터셋!$D:$D,$A115) -> 8664 | E115: =SUMIFS(데이터셋!$AF:$AF,데이터셋!$D:$D,$A115) -> 1293 | F115: =SUMIFS(데이터셋!$AG:$AG,데이터셋!$D:$D,$A115) -> 1596 | G115: =SUMIFS(데이터셋!$AH:$AH,데이터셋!$D:$D,$A115) -> 113 | H115: 6745 | I115: 7653 | J115: 8664 | N115: =B115-H115 -> 0 | O115: =C115-I115 -> 0 | P115: =D115-J115 -> 0 | T115: 신아일보 2026-10-11 / 민간은 2026.6월 7,346+감소 307로 도출
A117: 법인 = 사회복지법인 + 법인·단체등. 2025 민간은 도출값. 확보된 공표값 30개 칸 모두 차이 0이면 통과.

Sheet 시군구_병원급
A1: 시군구×연도 병원급 의료기관 수 (사용자 제공 「시군구 통합 패널 2010-2026 병원 추가」, 원자료: 지방행정 인허가 「병원」 전국 8,319건)
A2: 12월 31일 기준 영업 중(휴업 제외) 시설. 소아청소년과 진료 병원 = 진료과목에 소아청소년과 포함(한방·치과 제외). 진료과목은 현재(폐업 시설은 마지막) 기록 기준 → 과거 연도 진료과목 변화는 반영 안 됨.
A4: 시군구코드 | B4: 시도 | C4: 시군구 | D4: 연도 | E4: 소아청소년과 진료 병원 수 | F4: 종합병원 수 | G4: 병원 수(종합병원·병원) | H4: 병원급 의료기관 수(요양·정신·한방·치과 포함)
A5: 11110 | B5: 서울특별시 | C5: 종로구 | D5: 2010 | E5: 5 | F5: 4 | G5: 6 | H5: 11
A6: 11110 | B6: 서울특별시 | C6: 종로구 | D6: 2011 | E6: 4 | F6: 4 | G6: 6 | H6: 10
A7: 11110 | B7: 서울특별시 | C7: 종로구 | D7: 2012 | E7: 5 | F7: 4 | G7: 7 | H7: 9
A8: 11110 | B8: 서울특별시 | C8: 종로구 | D8: 2013 | E8: 5 | F8: 4 | G8: 6 | H8: 8
A9: 11110 | B9: 서울특별시 | C9: 종로구 | D9: 2014 | E9: 5 | F9: 4 | G9: 6 | H9: 8
A10: 11110 | B10: 서울특별시 | C10: 종로구 | D10: 2015 | E10: 5 | F10: 4 | G10: 6 | H10: 8
A11: 11110 | B11: 서울특별시 | C11: 종로구 | D11: 2016 | E11: 5 | F11: 4 | G11: 6 | H11: 8
A12: 11110 | B12: 서울특별시 | C12: 종로구 | D12: 2017 | E12: 5 | F12: 4 | G12: 6 | H12: 8
A13: 11110 | B13: 서울특별시 | C13: 종로구 | D13: 2018 | E13: 6 | F13: 4 | G13: 7 | H13: 8
A14: 11110 | B14: 서울특별시 | C14: 종로구 | D14: 2019 | E14: 6 | F14: 4 | G14: 7 | H14: 8
A15: 11110 | B15: 서울특별시 | C15: 종로구 | D15: 2020 | E15: 6 | F15: 4 | G15: 7 | H15: 8
A16: 11110 | B16: 서울특별시 | C16: 종로구 | D16: 2021 | E16: 6 | F16: 4 | G16: 7 | H16: 10
... A3668: 52800 | B3668: 전북특별자치도 | C3668: 부안군 | D3668: 2025 | E3668: 0 | F3668: 1 | G3668: 4 | H3668: 7
