Workbook

Sheet 설명
A1: 보육·소아의료 3년 급감 위험 × 현재 공백 사분면 (v4)
A3: 무엇을 예측했나
A4: · 라벨 「공백 위험(최종)」 = t→t+3년 어린이집 감소율 전국 하위 20% 또는 (소아과 감소 & 0~5세 1천명당 소아과 중앙값 미만). 즉 "앞으로 3년간 빠르게 줄어들 위험"이다.
A5: · 소아과가 이미 0곳인 지역은 더 줄 수 없어 이 라벨에서 "안전"으로 나온다 → 현재 공백을 별도 축으로 함께 본다.
A7: 두 축
A8: · 세로축 – 향후 3년 급감 위험: 랜덤포레스트 위험점수 상위 20%(229곳 중 46곳) = 급감 고위험
A9: · 가로축 – 현재 공백(기준연도 t): 소아과 의원 0곳
A10: · 보육 쪽 현재 공백은 정의하지 않음: 0~5세 1천명당 어린이집·0~5세 대비 정원 하위 20%를 시험했더니 강남·서초·송파·해운대처럼 유치원·가정양육 비중이 높은 도시가 대거 걸려 "공백"의 의미와 어긋남. 거리·면적(접근성) 자료가 있어야 제대로 정의 가능 → 참고 열(K)로만 표시
A12: 네 유형
A13: ① 최우선 지원: 이미 공백 + 급감 고위험 → 남은 기반마저 무너지는 중
A14: ② 예방 대상: 아직 유지 + 급감 고위험 → 곧 공백이 될 곳 (예: 거제·김해)
A15: ③ 구조적 공백: 이미 공백 + 급감 위험 낮음 → 예측 문제가 아니라 공급 자체가 없는 곳 (예: 정선·진도)
... A24: 기준값(파란 글씨는 바꿔 볼 수 있음)
A25: 급감 고위험 = 위험순위 상위 | B25: 46
A26: 보육 공백 = 0~5세 1천명당 어린이집 하위 백분위 | B26: 0.2

Sheet 유형별_요약
A1: 유형 | B1: 2027 지역 수 | C1: 2028 지역 수 | D1: 2년 연속 해당 지역 수 | E1: 의미
A2: ① 최우선 지원 | B2: =COUNTIF(사분면_2027!$Q:$Q,A2) -> 4 | C2: =COUNTIF(사분면_2028!$Q:$Q,A2) -> 3 | D2: =SUMPRODUCT(--(사분면_2027!$Q$2:$Q$230=A2),--(COUNTIFS(사분면_2028!$A$2:$A$230,사분면_2027!$A$2:$A$230,사분면_2028!$Q$2:$Q$230,A2)>0)) -> 3 | E2: 소아과가 이미 없는데 보육 기반까지 빠르게 줄어드는 곳
A3: ② 예방 대상 | B3: =COUNTIF(사분면_2027!$Q:$Q,A3) -> 42 | C3: =COUNTIF(사분면_2028!$Q:$Q,A3) -> 43 | D3: =SUMPRODUCT(--(사분면_2027!$Q$2:$Q$230=A3),--(COUNTIFS(사분면_2028!$A$2:$A$230,사분면_2027!$A$2:$A$230,사분면_2028!$Q$2:$Q$230,A3)>0)) -> 34 | E3: 지금은 유지되지만 3년 내 급감 위험이 큰 곳
A4: ③ 구조적 공백 | B4: =COUNTIF(사분면_2027!$Q:$Q,A4) -> 54 | C4: =COUNTIF(사분면_2028!$Q:$Q,A4) -> 55 | D4: =SUMPRODUCT(--(사분면_2027!$Q$2:$Q$230=A4),--(COUNTIFS(사분면_2028!$A$2:$A$230,사분면_2027!$A$2:$A$230,사분면_2028!$Q$2:$Q$230,A4)>0)) -> 53 | E4: 이미 공백, 더 줄 것이 없어 급감 위험은 낮음 – 신규 공급 대책 필요
A5: ④ 관찰 | B5: =COUNTIF(사분면_2027!$Q:$Q,A5) -> 129 | C5: =COUNTIF(사분면_2028!$Q:$Q,A5) -> 128 | D5: =SUMPRODUCT(--(사분면_2027!$Q$2:$Q$230=A5),--(COUNTIFS(사분면_2028!$A$2:$A$230,사분면_2027!$A$2:$A$230,사분면_2028!$Q$2:$Q$230,A5)>0)) -> 119 | E5: 현재 공백·급감 위험 모두 낮음
A6: 합계 | B6: =SUM(B2:B5) -> 229 | C6: =SUM(C2:C5) -> 229

Sheet 사분면_2027
A1: 시군구코드 | B1: 시도 | C1: 시군구 | D1: 자료 기준연도 | E1: 예측연도 | F1: 0~5세 인구 | G1: 어린이집 수 | H1: 0~5세 1천명당 어린이집 | I1: 소아과 의원 수 | J1: 소아청소년과 전문의 수(병원 포함) | K1: (참고) 보육 지표 하위20% | L1: 소아과 공백(의원 0곳) | M1: 현재 공백 | N1: 위험점수 | O1: 위험순위 | P1: 급감 고위험 | Q1: 유형 | R1: 위험점수(시도 변수 제외) | S1: 시도변수 제외 순위
A2: 48310 | B2: 경상남도 | C2: 거제시 | D2: 2024 | E2: 2027 | F2: 6894 | G2: 131 | H2: 19.002031 | I2: 6 | J2: 22 | K2: =IF(H2<=PERCENTILE($H$2:$H$230,설명!$B$26),1,0) -> 0 | L2: =IF(I2=0,1,0) -> 0 | M2: =L2 -> 0 | N2: 0.7461 | O2: =RANK(N2,$N$2:$N$230,0) -> 1 | P2: =IF(O2<=설명!$B$25,1,0) -> 1 | Q2: =IF(AND(M2=1,P2=1),"① 최우선 지원",IF(P2=1,"② 예방 대상",IF(M2=1,"③ 구조적 공백","④ 관찰"))) -> ② 예방 대상 | R2: 0.696 | S2: =RANK(R2,$R$2:$R$230,0) -> 1
A3: 48120 | B3: 경상남도 | C3: 창원시 | D3: 2024 | E3: 2027 | F3: 30113 | G3: 560 | H3: 18.596619 | I3: 25 | J3: 115 | K3: =IF(H3<=PERCENTILE($H$2:$H$230,설명!$B$26),1,0) -> 0 | L3: =IF(I3=0,1,0) -> 0 | M3: =L3 -> 0 | N3: 0.7004 | O3: =RANK(N3,$N$2:$N$230,0) -> 2 | P3: =IF(O3<=설명!$B$25,1,0) -> 1 | Q3: =IF(AND(M3=1,P3=1),"① 최우선 지원",IF(P3=1,"② 예방 대상",IF(M3=1,"③ 구조적 공백","④ 관찰"))) -> ② 예방 대상 | R3: 0.6114 | S3: =RANK(R3,$R$2:$R$230,0) -> 6
A4: 48250 | B4: 경상남도 | C4: 김해시 | D4: 2024 | E4: 2027 | F4: 17490 | G4: 334 | H4: 19.096627 | I4: 20 | J4: 62 | K4: =IF(H4<=PERCENTILE($H$2:$H$230,설명!$B$26),1,0) -> 0 | L4: =IF(I4=0,1,0) -> 0 | M4: =L4 -> 0 | N4: 0.6586 | O4: =RANK(N4,$N$2:$N$230,0) -> 3 | P4: =IF(O4<=설명!$B$25,1,0) -> 1 | Q4: =IF(AND(M4=1,P4=1),"① 최우선 지원",IF(P4=1,"② 예방 대상",IF(M4=1,"③ 구조적 공백","④ 관찰"))) -> ② 예방 대상 | R4: 0.5082 | S4: =RANK(R4,$R$2:$R$230,0) -> 16
A5: 48330 | B5: 경상남도 | C5: 양산시 | D5: 2024 | E5: 2027 | F5: 12894 | G5: 239 | H5: 18.535753 | I5: 16 | J5: 75 | K5: =IF(H5<=PERCENTILE($H$2:$H$230,설명!$B$26),1,0) -> 0 | L5: =IF(I5=0,1,0) -> 0 | M5: =L5 -> 0 | N5: 0.6385 | O5: =RANK(N5,$N$2:$N$230,0) -> 4 | P5: =IF(O5<=설명!$B$25,1,0) -> 1 | Q5: =IF(AND(M5=1,P5=1),"① 최우선 지원",IF(P5=1,"② 예방 대상",IF(M5=1,"③ 구조적 공백","④ 관찰"))) -> ② 예방 대상 | R5: 0.4536 | S5: =RANK(R5,$R$2:$R$230,0) -> 23
A6: 44130 | B6: 충청남도 | C6: 천안시 | D6: 2024 | E6: 2027 | F6: 23484 | G6: 465 | H6: 19.800715 | I6: 22 | J6: 83 | K6: =IF(H6<=PERCENTILE($H$2:$H$230,설명!$B$26),1,0) -> 0 | L6: =IF(I6=0,1,0) -> 0 | M6: =L6 -> 0 | N6: 0.6298 | O6: =RANK(N6,$N$2:$N$230,0) -> 5 | P6: =IF(O6<=설명!$B$25,1,0) -> 1 | Q6: =IF(AND(M6=1,P6=1),"① 최우선 지원",IF(P6=1,"② 예방 대상",IF(M6=1,"③ 구조적 공백","④ 관찰"))) -> ② 예방 대상 | R6: 0.5571 | S6: =RANK(R6,$R$2:$R$230,0) -> 9
A7: 41250 | B7: 경기도 | C7: 동두천시 | D7: 2024 | E7: 2027 | F7: 1831 | G7: 60 | H7: 32.768979 | I7: 4 | J7: 7 | K7: =IF(H7<=PERCENTILE($H$2:$H$230,설명!$B$26),1,0) -> 0 | L7: =IF(I7=0,1,0) -> 0 | M7: =L7 -> 0 | N7: 0.623 | O7: =RANK(N7,$N$2:$N$230,0) -> 6 | P7: =IF(O7<=설명!$B$25,1,0) -> 1 | Q7: =IF(AND(M7=1,P7=1),"① 최우선 지원",IF(P7=1,"② 예방 대상",IF(M7=1,"③ 구조적 공백","④ 관찰"))) -> ② 예방 대상 | R7: 0.6856 | S7: =RANK(R7,$R$2:$R$230,0) -> 2
A8: 41410 | B8: 경기도 | C8: 군포시 | D8: 2024 | E8: 2027 | F8: 7003 | G8: 148 | H8: 21.1338 | I8: 10 | J8: 27 | K8: =IF(H8<=PERCENTILE($H$2:$H$230,설명!$B$26),1,0) -> 0 | L8: =IF(I8=0,1,0) -> 0 | M8: =L8 -> 0 | N8: 0.5977 | O8: =RANK(N8,$N$2:$N$230,0) -> 7 | P8: =IF(O8<=설명!$B$25,1,0) -> 1 | Q8: =IF(AND(M8=1,P8=1),"① 최우선 지원",IF(P8=1,"② 예방 대상",IF(M8=1,"③ 구조적 공백","④ 관찰"))) -> ② 예방 대상 | R8: 0.6213 | S8: =RANK(R8,$R$2:$R$230,0) -> 5
A9: 28245 | B9: 인천광역시 | C9: 계양구 | D9: 2024 | E9: 2027 | F9: 6686 | G9: 124 | H9: 18.546216 | I9: 16 | J9: 35 | K9: =IF(H9<=PERCENTILE($H$2:$H$230,설명!$B$26),1,0) -> 0 | L9: =IF(I9=0,1,0) -> 0 | M9: =L9 -> 0 | N9: 0.5652 | O9: =RANK(N9,$N$2:$N$230,0) -> 8 | P9: =IF(O9<=설명!$B$25,1,0) -> 1 | Q9: =IF(AND(M9=1,P9=1),"① 최우선 지원",IF(P9=1,"② 예방 대상",IF(M9=1,"③ 구조적 공백","④ 관찰"))) -> ② 예방 대상 | R9: 0.5217 | S9: =RANK(R9,$R$2:$R$230,0) -> 13
A10: 48220 | B10: 경상남도 | C10: 통영시 | D10: 2024 | E10: 2027 | F10: 2382 | G10: 49 | H10: 20.570949 | I10: 5 | J10: 9 | K10: =IF(H10<=PERCENTILE($H$2:$H$230,설명!$B$26),1,0) -> 0 | L10: =IF(I10=0,1,0) -> 0 | M10: =L10 -> 0 | N10: 0.5618 | O10: =RANK(N10,$N$2:$N$230,0) -> 9 | P10: =IF(O10<=설명!$B$25,1,0) -> 1 | Q10: =IF(AND(M10=1,P10=1),"① 최우선 지원",IF(P10=1,"② 예방 대상",IF(M10=1,"③ 구조적 공백","④ 관찰"))) -> ② 예방 대상 | R10: 0.5361 | S10: =RANK(R10,$R$2:$R$230,0) -> 10
A11: 47850 | B11: 경상북도 | C11: 칠곡군 | D11: 2024 | E11: 2027 | F11: 2433 | G11: 64 | H11: 26.304973 | I11: 6 | J11: 6 | K11: =IF(H11<=PERCENTILE($H$2:$H$230,설명!$B$26),1,0) -> 0 | L11: =IF(I11=0,1,0) -> 0 | M11: =L11 -> 0 | N11: 0.5613 | O11: =RANK(N11,$N$2:$N$230,0) -> 10 | P11: =IF(O11<=설명!$B$25,1,0) -> 1 | Q11: =IF(AND(M11=1,P11=1),"① 최우선 지원",IF(P11=1,"② 예방 대상",IF(M11=1,"③ 구조적 공백","④ 관찰"))) -> ② 예방 대상 | R11: 0.6461 | S11: =RANK(R11,$R$2:$R$230,0) -> 3
A12: 26710 | B12: 부산광역시 | C12: 기장군 | D12: 2024 | E12: 2027 | F12: 6472 | G12: 122 | H12: 18.850433 | I12: 8 | J12: 25 | K12: =IF(H12<=PERCENTILE($H$2:$H$230,설명!$B$26),1,0) -> 0 | L12: =IF(I12=0,1,0) -> 0 | M12: =L12 -> 0 | N12: 0.552 | O12: =RANK(N12,$N$2:$N$230,0) -> 11 | P12: =IF(O12<=설명!$B$25,1,0) -> 1 | Q12: =IF(AND(M12=1,P12=1),"① 최우선 지원",IF(P12=1,"② 예방 대상",IF(M12=1,"③ 구조적 공백","④ 관찰"))) -> ② 예방 대상 | R12: 0.5222 | S12: =RANK(R12,$R$2:$R$230,0) -> 12
A13: 48730 | B13: 경상남도 | C13: 함안군 | D13: 2024 | E13: 2027 | F13: 1026 | G13: 31 | H13: 30.214425 | I13: 0 | J13: 1 | K13: =IF(H13<=PERCENTILE($H$2:$H$230,설명!$B$26),1,0) -> 0 | L13: =IF(I13=0,1,0) -> 1 | M13: =L13 -> 1 | N13: 0.5454 | O13: =RANK(N13,$N$2:$N$230,0) -> 12 | P13: =IF(O13<=설명!$B$25,1,0) -> 1 | Q13: =IF(AND(M13=1,P13=1),"① 최우선 지원",IF(P13=1,"② 예방 대상",IF(M13=1,"③ 구조적 공백","④ 관찰"))) -> ① 최우선 지원 | R13: 0.5309 | S13: =RANK(R13,$R$2:$R$230,0) -> 11
... A230: 52750 | B230: 전북특별자치도 | C230: 임실군 | D230: 2024 | E230: 2027 | F230: 591 | G230: 9 | H230: 15.228426 | I230: 0 | J230: 1 | K230: =IF(H230<=PERCENTILE($H$2:$H$230,설명!$B$26),1,0) -> 1 | L230: =IF(I230=0,1,0) -> 1 | M230: =L230 -> 1 | N230: 0.0403 | O230: =RANK(N230,$N$2:$N$230,0) -> 229 | P230: =IF(O230<=설명!$B$25,1,0) -> 0 | Q230: =IF(AND(M230=1,P230=1),"① 최우선 지원",IF(P230=1,"② 예방 대상",IF(M230=1,"③ 구조적 공백","④ 관찰"))) -> ③ 구조적 공백 | R230: 0.0474 | S230: =RANK(R230,$R$2:$R$230,0) -> 224

Sheet 사분면_2028
A1: 시군구코드 | B1: 시도 | C1: 시군구 | D1: 자료 기준연도 | E1: 예측연도 | F1: 0~5세 인구 | G1: 어린이집 수 | H1: 0~5세 1천명당 어린이집 | I1: 소아과 의원 수 | J1: 소아청소년과 전문의 수(병원 포함) | K1: (참고) 보육 지표 하위20% | L1: 소아과 공백(의원 0곳) | M1: 현재 공백 | N1: 위험점수 | O1: 위험순위 | P1: 급감 고위험 | Q1: 유형 | R1: 위험점수(시도 변수 제외) | S1: 시도변수 제외 순위
A2: 46110 | B2: 전라남도 | C2: 목포시 | D2: 2025 | E2: 2028 | F2: 4548 | G2: 114 | H2: 25.065963 | I2: 2 | J2: 28 | K2: =IF(H2<=PERCENTILE($H$2:$H$230,설명!$B$26),1,0) -> 0 | L2: =IF(I2=0,1,0) -> 0 | M2: =L2 -> 0 | N2: 0.6605 | O2: =RANK(N2,$N$2:$N$230,0) -> 1 | P2: =IF(O2<=설명!$B$25,1,0) -> 1 | Q2: =IF(AND(M2=1,P2=1),"① 최우선 지원",IF(P2=1,"② 예방 대상",IF(M2=1,"③ 구조적 공백","④ 관찰"))) -> ② 예방 대상 | R2: 0.6333 | S2: =RANK(R2,$R$2:$R$230,0) -> 1
A3: 48310 | B3: 경상남도 | C3: 거제시 | D3: 2025 | E3: 2028 | F3: 6147 | G3: 115 | H3: 18.708313 | I3: 6 | J3: 23 | K3: =IF(H3<=PERCENTILE($H$2:$H$230,설명!$B$26),1,0) -> 0 | L3: =IF(I3=0,1,0) -> 0 | M3: =L3 -> 0 | N3: 0.6347 | O3: =RANK(N3,$N$2:$N$230,0) -> 2 | P3: =IF(O3<=설명!$B$25,1,0) -> 1 | Q3: =IF(AND(M3=1,P3=1),"① 최우선 지원",IF(P3=1,"② 예방 대상",IF(M3=1,"③ 구조적 공백","④ 관찰"))) -> ② 예방 대상 | R3: 0.62 | S3: =RANK(R3,$R$2:$R$230,0) -> 3
A4: 26530 | B4: 부산광역시 | C4: 사상구 | D4: 2025 | E4: 2028 | F4: 3760 | G4: 69 | H4: 18.351064 | I4: 6 | J4: 18 | K4: =IF(H4<=PERCENTILE($H$2:$H$230,설명!$B$26),1,0) -> 0 | L4: =IF(I4=0,1,0) -> 0 | M4: =L4 -> 0 | N4: 0.6278 | O4: =RANK(N4,$N$2:$N$230,0) -> 3 | P4: =IF(O4<=설명!$B$25,1,0) -> 1 | Q4: =IF(AND(M4=1,P4=1),"① 최우선 지원",IF(P4=1,"② 예방 대상",IF(M4=1,"③ 구조적 공백","④ 관찰"))) -> ② 예방 대상 | R4: 0.523 | S4: =RANK(R4,$R$2:$R$230,0) -> 6
A5: 41250 | B5: 경기도 | C5: 동두천시 | D5: 2025 | E5: 2028 | F5: 1729 | G5: 55 | H5: 31.810295 | I5: 3 | J5: 7 | K5: =IF(H5<=PERCENTILE($H$2:$H$230,설명!$B$26),1,0) -> 0 | L5: =IF(I5=0,1,0) -> 0 | M5: =L5 -> 0 | N5: 0.5993 | O5: =RANK(N5,$N$2:$N$230,0) -> 4 | P5: =IF(O5<=설명!$B$25,1,0) -> 1 | Q5: =IF(AND(M5=1,P5=1),"① 최우선 지원",IF(P5=1,"② 예방 대상",IF(M5=1,"③ 구조적 공백","④ 관찰"))) -> ② 예방 대상 | R5: 0.599 | S5: =RANK(R5,$R$2:$R$230,0) -> 4
A6: 26380 | B6: 부산광역시 | C6: 사하구 | D6: 2025 | E6: 2028 | F6: 6111 | G6: 103 | H6: 16.854852 | I6: 13 | J6: 28 | K6: =IF(H6<=PERCENTILE($H$2:$H$230,설명!$B$26),1,0) -> 0 | L6: =IF(I6=0,1,0) -> 0 | M6: =L6 -> 0 | N6: 0.5778 | O6: =RANK(N6,$N$2:$N$230,0) -> 5 | P6: =IF(O6<=설명!$B$25,1,0) -> 1 | Q6: =IF(AND(M6=1,P6=1),"① 최우선 지원",IF(P6=1,"② 예방 대상",IF(M6=1,"③ 구조적 공백","④ 관찰"))) -> ② 예방 대상 | R6: 0.5148 | S6: =RANK(R6,$R$2:$R$230,0) -> 7
A7: 28245 | B7: 인천광역시 | C7: 계양구 | D7: 2025 | E7: 2028 | F7: 6257 | G7: 117 | H7: 18.699057 | I7: 16 | J7: 34 | K7: =IF(H7<=PERCENTILE($H$2:$H$230,설명!$B$26),1,0) -> 0 | L7: =IF(I7=0,1,0) -> 0 | M7: =L7 -> 0 | N7: 0.5245 | O7: =RANK(N7,$N$2:$N$230,0) -> 6 | P7: =IF(O7<=설명!$B$25,1,0) -> 1 | Q7: =IF(AND(M7=1,P7=1),"① 최우선 지원",IF(P7=1,"② 예방 대상",IF(M7=1,"③ 구조적 공백","④ 관찰"))) -> ② 예방 대상 | R7: 0.5052 | S7: =RANK(R7,$R$2:$R$230,0) -> 9
A8: 48120 | B8: 경상남도 | C8: 창원시 | D8: 2025 | E8: 2028 | F8: 28551 | G8: 525 | H8: 18.388148 | I8: 24 | J8: 112 | K8: =IF(H8<=PERCENTILE($H$2:$H$230,설명!$B$26),1,0) -> 0 | L8: =IF(I8=0,1,0) -> 0 | M8: =L8 -> 0 | N8: 0.5065 | O8: =RANK(N8,$N$2:$N$230,0) -> 7 | P8: =IF(O8<=설명!$B$25,1,0) -> 1 | Q8: =IF(AND(M8=1,P8=1),"① 최우선 지원",IF(P8=1,"② 예방 대상",IF(M8=1,"③ 구조적 공백","④ 관찰"))) -> ② 예방 대상 | R8: 0.4881 | S8: =RANK(R8,$R$2:$R$230,0) -> 11
A9: 26710 | B9: 부산광역시 | C9: 기장군 | D9: 2025 | E9: 2028 | F9: 6010 | G9: 114 | H9: 18.968386 | I9: 6 | J9: 22 | K9: =IF(H9<=PERCENTILE($H$2:$H$230,설명!$B$26),1,0) -> 0 | L9: =IF(I9=0,1,0) -> 0 | M9: =L9 -> 0 | N9: 0.5056 | O9: =RANK(N9,$N$2:$N$230,0) -> 8 | P9: =IF(O9<=설명!$B$25,1,0) -> 1 | Q9: =IF(AND(M9=1,P9=1),"① 최우선 지원",IF(P9=1,"② 예방 대상",IF(M9=1,"③ 구조적 공백","④ 관찰"))) -> ② 예방 대상 | R9: 0.4061 | S9: =RANK(R9,$R$2:$R$230,0) -> 27
A10: 29200 | B10: 광주광역시 | C10: 광산구 | D10: 2025 | E10: 2028 | F10: 13156 | G10: 276 | H10: 20.979021 | I10: 11 | J10: 57 | K10: =IF(H10<=PERCENTILE($H$2:$H$230,설명!$B$26),1,0) -> 0 | L10: =IF(I10=0,1,0) -> 0 | M10: =L10 -> 0 | N10: 0.4998 | O10: =RANK(N10,$N$2:$N$230,0) -> 9 | P10: =IF(O10<=설명!$B$25,1,0) -> 1 | Q10: =IF(AND(M10=1,P10=1),"① 최우선 지원",IF(P10=1,"② 예방 대상",IF(M10=1,"③ 구조적 공백","④ 관찰"))) -> ② 예방 대상 | R10: 0.5505 | S10: =RANK(R10,$R$2:$R$230,0) -> 5
A11: 30230 | B11: 대전광역시 | C11: 대덕구 | D11: 2025 | E11: 2028 | F11: 4124 | G11: 88 | H11: 21.338506 | I11: 6 | J11: 11 | K11: =IF(H11<=PERCENTILE($H$2:$H$230,설명!$B$26),1,0) -> 0 | L11: =IF(I11=0,1,0) -> 0 | M11: =L11 -> 0 | N11: 0.482 | O11: =RANK(N11,$N$2:$N$230,0) -> 10 | P11: =IF(O11<=설명!$B$25,1,0) -> 1 | Q11: =IF(AND(M11=1,P11=1),"① 최우선 지원",IF(P11=1,"② 예방 대상",IF(M11=1,"③ 구조적 공백","④ 관찰"))) -> ② 예방 대상 | R11: 0.4401 | S11: =RANK(R11,$R$2:$R$230,0) -> 19
A12: 28200 | B12: 인천광역시 | C12: 남동구 | D12: 2025 | E12: 2028 | F12: 11456 | G12: 209 | H12: 18.243715 | I12: 28 | J12: 55 | K12: =IF(H12<=PERCENTILE($H$2:$H$230,설명!$B$26),1,0) -> 0 | L12: =IF(I12=0,1,0) -> 0 | M12: =L12 -> 0 | N12: 0.4711 | O12: =RANK(N12,$N$2:$N$230,0) -> 11 | P12: =IF(O12<=설명!$B$25,1,0) -> 1 | Q12: =IF(AND(M12=1,P12=1),"① 최우선 지원",IF(P12=1,"② 예방 대상",IF(M12=1,"③ 구조적 공백","④ 관찰"))) -> ② 예방 대상 | R12: 0.4075 | S12: =RANK(R12,$R$2:$R$230,0) -> 26
A13: 48220 | B13: 경상남도 | C13: 통영시 | D13: 2025 | E13: 2028 | F13: 2158 | G13: 45 | H13: 20.852641 | I13: 5 | J13: 9 | K13: =IF(H13<=PERCENTILE($H$2:$H$230,설명!$B$26),1,0) -> 0 | L13: =IF(I13=0,1,0) -> 0 | M13: =L13 -> 0 | N13: 0.4656 | O13: =RANK(N13,$N$2:$N$230,0) -> 12 | P13: =IF(O13<=설명!$B$25,1,0) -> 1 | Q13: =IF(AND(M13=1,P13=1),"① 최우선 지원",IF(P13=1,"② 예방 대상",IF(M13=1,"③ 구조적 공백","④ 관찰"))) -> ② 예방 대상 | R13: 0.4191 | S13: =RANK(R13,$R$2:$R$230,0) -> 24
... A230: 46820 | B230: 전라남도 | C230: 해남군 | D230: 2025 | E230: 2028 | F230: 1303 | G230: 19 | H230: 14.581734 | I230: 0 | J230: 5 | K230: =IF(H230<=PERCENTILE($H$2:$H$230,설명!$B$26),1,0) -> 1 | L230: =IF(I230=0,1,0) -> 1 | M230: =L230 -> 1 | N230: 0.0314 | O230: =RANK(N230,$N$2:$N$230,0) -> 229 | P230: =IF(O230<=설명!$B$25,1,0) -> 0 | Q230: =IF(AND(M230=1,P230=1),"① 최우선 지원",IF(P230=1,"② 예방 대상",IF(M230=1,"③ 구조적 공백","④ 관찰"))) -> ③ 구조적 공백 | R230: 0.0271 | S230: =RANK(R230,$R$2:$R$230,0) -> 229

Sheet 검증성능
A1: 평가연도 | B1: 모델 | C1: AUC | D1: PR-AUC | E1: k(실제 위험지역 수) | F1: Top-k 적중률 | G1: Precision@20
A2: 2021 | B2: 로지스틱 | C2: 0.761 | D2: 0.419 | E2: 53 | F2: 0.358 | G2: 0.4
A3: 2021 | B3: 랜덤포레스트 | C3: 0.823 | D3: 0.566 | E3: 53 | F3: 0.547 | G3: 0.65
A4: 2021 | B4: GBM | C4: 0.794 | D4: 0.53 | E4: 53 | F4: 0.528 | G4: 0.55
A5: 2022 | B5: 로지스틱 | C5: 0.7 | D5: 0.496 | E5: 57 | F5: 0.421 | G5: 0.65
A6: 2022 | B6: 랜덤포레스트 | C6: 0.758 | D6: 0.582 | E6: 57 | F6: 0.421 | G6: 0.8
A7: 2022 | B7: GBM | C7: 0.739 | D7: 0.518 | E7: 57 | F7: 0.456 | G7: 0.65
A8: 2021·2022 평균 | B8: 로지스틱 | C8: =AVERAGEIFS(C2:C7,$B$2:$B$7,B8) -> 0.7305 | D8: =AVERAGEIFS(D2:D7,$B$2:$B$7,B8) -> 0.4575 | E8: =AVERAGEIFS(E2:E7,$B$2:$B$7,B8) -> 55 | F8: =AVERAGEIFS(F2:F7,$B$2:$B$7,B8) -> 0.3895 | G8: =AVERAGEIFS(G2:G7,$B$2:$B$7,B8) -> 0.525
A9: 2021·2022 평균 | B9: 랜덤포레스트 | C9: =AVERAGEIFS(C2:C7,$B$2:$B$7,B9) -> 0.7905 | D9: =AVERAGEIFS(D2:D7,$B$2:$B$7,B9) -> 0.574 | E9: =AVERAGEIFS(E2:E7,$B$2:$B$7,B9) -> 55 | F9: =AVERAGEIFS(F2:F7,$B$2:$B$7,B9) -> 0.484 | G9: =AVERAGEIFS(G2:G7,$B$2:$B$7,B9) -> 0.725
A10: 2021·2022 평균 | B10: GBM | C10: =AVERAGEIFS(C2:C7,$B$2:$B$7,B10) -> 0.7665 | D10: =AVERAGEIFS(D2:D7,$B$2:$B$7,B10) -> 0.524 | E10: =AVERAGEIFS(E2:E7,$B$2:$B$7,B10) -> 55 | F10: =AVERAGEIFS(F2:F7,$B$2:$B$7,B10) -> 0.492 | G10: =AVERAGEIFS(G2:G7,$B$2:$B$7,B10) -> 0.6
A12: 학습: 평가연도−3 이하 기준연도. k = 해당 평가연도 실제 위험지역 수. Precision@20 = 위험점수 상위 20곳 중 실제 위험 비율. 변수셋 = 최종 보강셋.

Sheet 변수중요도
A1: 변수 | B1: 중요도(PR-AUC 감소) | C1: 표준편차
A2: 0~5세 1천명당 어린이집 | B2: 0.0589 | C2: 0.0189
A3: 가정 비율 | B3: 0.0259 | C3: 0.0126
A4: 기타 비율 | B4: 0.019 | C4: 0.0067
A5: 시도 소아과 폐업률(t) | B5: 0.0139 | C5: 0.0047
A6: 시도 소아과 3년 누적 폐업 | B6: 0.0128 | C6: 0.0044
A7: 법인 비율 | B7: 0.0105 | C7: 0.0057
A8: 국공립 비율 | B8: 0.0086 | C8: 0.0063
A9: 시도 소아과 폐업(t) | B9: 0.0085 | C9: 0.0033
A10: 정원 충족률 | B10: 0.0084 | C10: 0.0063
A11: 시도 소아과 개업(t) | B11: 0.0083 | C11: 0.0037
A12: 가정 수 | B12: 0.0071 | C12: 0.0046
A13: 0~5세 1천명당 소아과 | B13: 0.007 | C13: 0.0051
... A55: 연말 휴지시설 비율 | B55: -0.0089 | C55: 0.0076
A57: 순열 중요도: 2016~2019 학습 모델로 2020~2022 평가 시 변수를 섞었을 때 PR-AUC가 떨어지는 정도(10회 평균). 0 근처·음수는 기여 없음.

Sheet 강건성
A1: 확인 항목 | B1: 2027 | C1: 2028 | D1: 해석
A2: 시도 변수 제외 시 순위 상관(Spearman) | B2: 0.969 | C2: 0.954 | D2: 전체 순위는 거의 유지
A3: 상위 20 겹침(시도 변수 제외) | B3: 17 | C3: 13 | D3: 2028은 일부 바뀜 → 상위권 경계 지역은 해석 주의
A4: 상위 20 중 경남(최종 모델) | B4: 8 | C4: 7
A5: 상위 20 중 경남(시도 변수 제외) | B5: 6 | C5: 4 | D5: 경남 쏠림 일부는 시도 단위 변수 효과
A6: 팀 RF(79개 변수)와 순위 상관 | B6: 0.967 | C6: 0.96 | D6: 변수 정리 후에도 결과가 거의 같음
A7: 팀 RF와 상위 20 겹침 | B7: 18 | C7: 17
